COUNTRY,2013,2014,2015,2016,2017,2018,2019,2020,2021,2022,2023
"Afghanistan, Islamic Republic of",97.41722225318532,101.9704993590604,101.2957512194971,105.7364475081064,110.9978418597888,111.6928539021896,114.2644394718408,120.6654052975532,126.8594059948654,144.2544976134007,137.5542964011015
Albania,89.26431587904425,90.71563318771062,93.89177652,93.54689586238712,95.47452175715895,97.41080199053062,98.78535684543849,100.3865554742699,102.4359185260122,109.3249417001666,114.5285511579829
Algeria,160.1,164.77,172.6533333333333,183.6991666666667,193.97,202.2525,206.2,211.18,226.44,247.4208333333334,270.4858333333332
Angola,26.51474599286455,28.44512219371382,31.10643991,40.65437968718775,52.78746786,63.14908718469092,73.93555380870768,90.40213969,113.6845733308229,137.9622438010399,156.7859527587714
"Anguilla, United Kingdom-British Overseas Territory",107.4425,107.17,106.1275,105.573687,106.94,107.3425,108.2175,107.705,109.64,115.73,119.6725
Antigua and Barbuda,94.60392423254355,95.63457871410284,96.56127152621792,96.08866416684782,98.42600928676664,99.61416666666668,101.04,101.6725,103.77,111.585,117.2391666666666
Argentina,,,,,112.8871083333334,151.581675,232.7510916666666,330.5416833333332,490.5548583333335,845.8674583333332,1975.006925
"Armenia, Republic of",116.2950736,119.7621887262112,124.2313437749925,122.4876232431082,123.675206,126.7921103666974,128.6222867826256,130.1804631836869,139.5337163507703,151.5907007208483,154.5928314208298
"Aruba, Kingdom of the Netherlands",92.89558333,93.28708333,93.72997645,92.85716667,91.90233333,95.23475,99.28933333,,,,
Australia,103.5,106.075,107.675,109.05,111.175,113.3,115.125,116.1,119.425,127.3,134.425
Austria,90.20945916666665,91.65805333333331,92.47982583333335,93.30436833333334,95.24628333333332,97.14966583333332,98.63692583333332,100,102.7666666666667,111.55,120.2666666666666
"Azerbaijan, Republic of",111.6416666666667,113.175,117.7333333333333,132.3833333333334,149.5083333333334,152.9,156.8915643,161.2214726,171.9431827583333,195.7611977916667,212.9596617666667
"Bahamas, The",98.65083333333332,100.1441666666667,102.0083333333333,101.655,103.1983333333333,105.5366666666667,108.1658333333333,108.2075,111.3508333333334,117.5925,121.1825
"Bahrain, Kingdom of",88.92378619292595,91.27809075091955,92.96548256841628,95.55623857158382,96.88133442415548,98.90389637831915,99.89869159537749,97.58333333333331,96.99166666666667,100.5083333333333,100.5833333333334
Bangladesh,61.19400706062615,65.47247106,69.52801938871617,73.36146462513788,77.54458680639247,81.84336511,86.42004314,91.33827239319461,96.40357723077832,103.8237165829844,114.0851367654123
Barbados,77.04067133,78.40390849304835,77.53143769844552,78.52533501,82.18476060859852,85.20407594,88.69768983807926,,,102.9574958123953,113.0391666666667
"Belarus, Republic of",39.62673525604225,46.80692309,53.14200130372385,59.43219721,63.01705061912642,66.08743176628748,69.78710926017747,73.65899827847075,80.62734863,92.89050653956981,97.53558830939782
Belgium,99.99916666666668,100.3391666666667,100.9025,102.8941666666667,105.0816666666667,107.2391666666667,108.78,109.5858333333333,112.26,123.0341666666667,128.0158333333334
Belize,97.79378136321579,98.96867551,98.11597722266548,98.76690527162845,99.90040701119678,100.1701208,100.3575083791027,100.4793771627472,103.7305246580112,110.2415789008636,115.0810080208722
Benin,100.5517855,99.99999999999982,100.2187859,99.42374012682151,99.46675566,100.3810249564281,101.1166666666666,104.1731415833334,105.9790242733091,107.4105662916597,110.3439753367995
Bhutan,60.96439365,66.0067958,69.00887989,71.23088776669606,74.76043785,76.79688516441642,78.89069876773918,83.33174433097518,89.45397292770045,94.49843159,98.49509553
Bolivia,84.6975,89.58166666666668,93.21833333333332,96.59583333333332,99.3225,101.5791666666667,103.4477612,104.4209379,105.1909209,107.0279001650833,109.7858893
Bosnia and Herzegovina,101.9616628128543,101.0468688365397,100,98.4159,99.2132,100.6191583333334,101.185425,100.1216666666666,102.1057166666666,116.4218,123.5304
Botswana,83.61499068901306,87.29593420235878,89.96896337678459,92.50155183116075,95.56176288019861,98.65606766,101.3916666666666,103.3083333333334,110.7888666666667,123.7130166666667,129.9823166666666
Brazil,3717.849166666665,3953.153333333332,4310.119166666668,4686.786666666668,4848.310833333332,5025.994166666668,5213.613333333335,5381.0625,5827.78,6368.604166666668,6661.15
British Virgin Islands,,,104.9407917,106.049259,,,,,,,
Brunei Darussalam,100.5939384835521,100.3855996533718,99.89536916666668,99.6169675,98.36129000000003,99.36954416666669,98.98148416666665,100.9020416666667,102.6510916666667,106.4309618037181,106.8109887847447
Bulgaria,6651.599605224578,6557.267697006255,6550.406613981828,6498.091798997008,6632.056212,6818.718401394942,7030.352972393032,7147.931475737542,7383.651982334635,8515.215766854391,9319.294086661663
Burkina Faso,101.1829553,100.9218126945204,101.6533333333333,102.1016666666667,103.6158333333334,105.6425,102.2266666666666,104.1530668004353,107.9583333333333,123.3858333333333,124.3024795566666
Burundi,85.09217967565326,88.84079001,93.76673543904025,98.97799956,114.8664778768896,111.6333333333334,110.8666666666666,118.9833333333333,128.9833333333333,153.2333333333334,194.5166666666667
Cabo Verde,99.49653762868542,99.25896164180575,99.38917748743614,97.98996037584821,98.75860856958455,99.99999999999999,101.1066667429606,101.7191666920978,103.6133331807454,111.8308333333334,115.9958331298828
Cambodia,152.4111666666666,158.2876666666667,160.225,165.0624166666667,169.8700833333333,174.0473333333334,177.4283333333334,182.64525,187.9798333333334,198.0249166666667,202.2378333333333
Cameroon,81.70802952,83.22363054,85.45089072922762,86.19789419841717,86.74991339986941,87.67714688737648,89.82769382307097,92.01734161214178,94.10784460391298,99.98739889200363,107.3692824184679
Canada,122.8166666666667,125.1583333333333,126.5666666666666,128.375,130.425,133.3833333333334,135.9833333333334,136.9583333333333,141.6083333333333,151.2416666666666,157.1083333333334
Cayman Islands,103.59275,104.9125,102.44965,101.809075,,,,,,,
Central African Republic,74.62315077251088,85.74101833108965,86.94393924290215,91.2436933,95.05833966,96.59082921,99.18465379581993,100.8808666941667,105.1777502,111.05,114.3583333333333
Chad,84.49651286892365,85.91772151898748,89.67844900523198,88.96780063,87.60027689873415,91.34485759493673,90.45704113924052,94.49517405,93.76487342,99.19200949367088,109.9408095991561
Chile,63.26804788283458,66.25346162,69.13467462,71.75224721793785,73.31839676966045,75.10361894404882,77.02442761,79.37019950639694,82.96135845846308,92.62126845904788,99.64351897
"China, People's Republic of",86.71270833333332,88.37901583333336,89.64904333333335,91.44202583333335,92.89882166666668,94.8262775,97.57551333333335,99.93627666666669,100.9166666666667,102.9083333333333,103.15
Colombia,79.19662166666669,81.49240333333331,85.55873666666665,91.98715833333333,95.9557725,99.06528583333335,102.555375,105.146575,108.8215083333333,119.896525,133.9674666666667
"Congo, Democratic Republic of the",123.2250317,124.7567668,125.6852054,129.3122932,,,,,,,
"Congo, Republic of",89.83368198601379,90.65309052454215,93.52597577383885,96.50997982737277,96.94433633243595,98.06189025,100.2252071889789,102.0246219654312,103.775,106.9333333333334,111.5333333333334
Costa Rica,88.242,92.22983333333335,92.9695,92.95325,94.46458333333335,96.56275,98.58675,99.30141666666665,101.0158333333334,109.3746661573761,109.9490948041898
Côte d'Ivoire,101.4305652556488,101.8856660223135,103.1607646718708,103.9068010985837,104.6194781728826,104.9954900260193,103.8333333333334,106.3512984866666,110.7031425,116.5440254016667,121.6569482341666
"Croatia, Republic of",100.6833333333333,100.4666666666666,100,98.875,99.99166666666667,101.4916666666667,102.275,102.4333333333334,105.05,116.375,125.6166666666667
"Curaçao, Kingdom of the Netherlands",122.325,124.1583333,123.5666667,123.5083333,125.4666667,128.7083333,132.0833333,,,,
Cyprus,103.5449359,102.1419135685978,100,98.57083333333335,99.095,100.5175,100.7691666666667,100.1258333333333,102.575,111.1866666666666,115.1241666666667
Czech Republic,99.325,99.66666666666664,99.975,100.6583333333333,103.125,105.3416666666667,108.3416666666667,111.7666666666667,116.0583333333333,133.5833333333334,147.825
Denmark,98.99166666666667,99.55,99.99999999999999,100.25,101.4,102.225,103,103.4333333333334,105.35,113.4583333333334,117.2083333333334
Djibouti,85.93253186062782,87.08563038064298,86.34767568903261,88.71223087727932,89.21621581022931,89.34822980299192,92.31392425077046,93.95471917602605,95.06518668212271,99.98938128309803,101.4842906911929
Dominica,102.2975,103.1151132,102.245,102.39,102.6933333333333,103.7091666666667,105.2695992,104.5041666666667,106.0541666666666,114.3058333333333,119.1383333333333
Dominican Republic,84.47181062638575,87.00481803867348,87.73282767508643,89.14898121382062,92.07267282020695,95.35454271,97.08103566009592,100.7517004893533,109.0566666666666,118.66575,124.3446333333334
Ecuador,95.84221872,99.28220695959271,103.2203808815514,105.0043022186284,105.4425225,105.2062224257326,105.4860841444342,105.1286209272738,105.2687062718434,108.9174982955168,111.3307698456298
"Egypt, Arab Republic of",45.99372853723832,50.62539610304932,55.87549791728328,63.59391917015175,82.35832786208778,94.21913427,102.8428228046656,108.0311741971116,113.6639729926915,129.4583333333333,173.325
El Salvador,108.9358333333333,110.1791666666667,109.3733333333334,110.0340019547512,111.1479356113828,112.3598149,112.444449,112.0266163962212,115.9104961224495,124.2544478229342,129.2812198374132
"Equatorial Guinea, Republic of",124.5166666666667,129.8833333333333,132.0609973731125,133.9256183032298,134.9225,136.3527784865066,138.4393513624258,145.0383333333333,144.8975,151.8333333333334,
"Estonia, Republic of",196.2166666666667,196.0083333333334,195.0433333333333,195.3333333333333,202.0083333333333,208.95,213.7083333333333,212.7583333333334,222.6583333333333,265.8501833333332,290.2
"Eswatini, Kingdom of",70.55705214,74.56564442,78.25757211,84.39865868,89.64941598,93.96609065,96.40734491,,,,
"Ethiopia, The Federal Democratic Republic of",78.94395692,84.38321095742926,92.45775566,98.58597901731832,109.1219759967969,124.2168578478749,143.8550861691586,173.1387264796152,219.6083333333334,294.0333333333332,382.8867600477095
"Fiji, Republic of",99.49166666666667,100.0083333333334,101.3833333333333,105.3,108.825,113.2666666666666,115.275,112.2833333333333,112.4583333333333,117.5416666666666,120.0666666666666
Finland,99.17078916666668,100.2033516666667,99.99500000000002,100.3516666666667,101.1083333333333,102.2041666666667,103.2508333333333,103.5508333333333,105.8233333333334,113.3616666666666,120.4475
France,99.45666666666668,99.96166666666667,99.99916666666668,100.1825,101.2166666666666,103.09,104.2325,104.7291666666666,106.4491666666666,112.0083333333334,117.4725
Gabon,85.83581950925098,89.86191215878517,89.55746432386943,91.44417781,93.86920958093872,98.32712079,100.7504591,102.1133721,103.22325,107.5908816833496,111.4953712860741
"Gambia, The",64.64778372207365,68.49303348215548,73.15635081,78.44467176963255,84.74706554,90.27339477,96.69695729048286,102.4323210645312,109.9819391702281,122.6442916271083,143.4621948751418
Georgia,106.9681,110.25075,114.664725,117.1127333333333,124.1808583333333,127.4284916666667,133.6124666666666,140.5636083333334,154.0112083333334,172.3357166666667,176.6230166666667
Germany,93.51765666666668,94.36566916666668,94.85111083333335,95.31753833333332,96.75635166666665,98.432335,99.85533166666669,100,103.0666666666667,110.15,116.7
Ghana,40.64958439306718,46.94604893469848,54.99728200882418,64.59685668229078,72.58872911524504,78.25701251,83.84741178337433,92.13764818,101.3247747800771,132.9947401006158,183.675
Greece,103.2162583333333,101.8617916666667,100.093585,99.26715833333336,100.3801958333333,101.0081958333333,101.2637541666667,99.99999917,101.2238241666667,110.987125,114.8326083333333
Grenada,109.23275,108.1583333333333,107.6008333333334,109.3766666666666,110.370308,111.2577982,111.9232864833334,111.0942342166667,112.4490416666666,115.3508333333333,118.4608333333334
Guadeloupe,99.35166667,99.7025,100.0008333,99.90666667,,,,,,,
Guatemala,64.74178807693775,66.95489656227295,68.55426178731211,71.60385836,74.77199724675918,77.57733929868839,80.44768842,83.03363160108599,86.57173721846198,92.53231233987225,98.27540055829601
Guinea,59.49823072774348,63.15767272095805,70.59769867445115,76.36742346711488,83.17509012,91.34921943,99.99999999999994,110.6016203387166,124.5344252693584,137.6018735700468,148.3416666666667
Guinea-Bissau,100.8338786101083,99.31204873646212,100.7786101083033,102.2934341155235,104.0233333333333,104.42,104.6775,105.8708333333333,108.2449749088286,118.4133333333333,
Guyana,111.8179419747532,112.7713358497514,111.6416666666667,112.575,114.7191666666667,116.1908333333334,118.6160042998976,119.7942609856205,125.8233333333334,133.5175,137.2841666666666
Haiti,67.55788809952207,69.88064084354555,74.58489426288925,83.16432558,92.04634933894272,103.5350326181662,122.9,150.9166666666667,176.3333333333333,236.2583333333334,323.2333333333332
Honduras,260.0916666666668,276.0333333333332,284.75,292.5083333333332,304.0166666666668,317.2333333333332,331.0833333333332,342.5666666666668,357.9166666666668,390.45,416.4666666666665
"Hong Kong Special Administrative Region, People's Republic of China",84.58333333333336,88.325,90.96666666666668,93.15833333333335,94.55,96.82499999999997,99.61666666666667,99.86666666666667,101.4333333333333,103.3416666666667,105.5083333333333
Hungary,135.4916666666666,135.1833333333334,135.1,135.6333333333333,138.8183333333333,142.775,147.5416666666667,152.45,160.2416666666667,183.65,215.1
Iceland,146.1734166666667,149.1621,151.598,154.1705083333334,156.88455,161.0936333333333,165.94895,170.67505,178.2602583333333,193.0714666666667,209.938775
India,110.0166666666667,117.35,123.1083333333334,129.2,133.5,138.7583333333333,143.9333333333333,153.4666666666667,161.3416666666667,172.15,181.875
Indonesia,106.4125,113.2175,120.4216666666667,124.6675,129.4158333333333,133.555,137.6025,140.2458,142.4338166666666,148.4295166666666,153.877075
"Iran, Islamic Republic of",19.51674480502989,22.75780342096166,25.59904270838198,27.45380227,29.66243990528405,35.00586693151902,48.97577921757708,63.95949721,91.71089385474842,131.5945530726256,190.2583333333334
Iraq,,,103.5570163789287,104.1333333333333,104.325,104.7083333333334,104.5,105.1,111.45,117.0166666666667,122.1166666666667
Ireland,82.93333333333335,83.09166666666668,82.81666666666668,82.83333333333331,83.13333333333335,83.525,84.30833333333335,84.03333333333332,86,92.73333333333332,98.57499999999997
Israel,93.79166666666669,94.24166666666667,93.675,93.15833333333332,93.39999999999998,94.14166666666668,94.94166666666668,94.35833333333332,95.78333333333332,99.99166666666667,104.2166666666667
Italy,99.68992416666666,99.93022416666668,99.96898749999998,99.87500000000001,101.1,102.25,102.875,102.7333333333334,104.6583333333333,113.2416666666666,119.6083333333334
Jamaica,77.34999999999998,83.75,86.84166666666665,88.88333333333333,92.775,96.24166666666667,100,105.2267777929352,111.3959948309412,122.925,130.8833333333334
Japan,94.83333333333331,97.45,98.225,98.09999999999998,98.575,99.55,100.0166666666667,99.99166666666667,99.75833333333333,102.25,105.5916666666666
Jordan,91.54723785619822,94.20163083874775,93.37562255787482,92.64875826681785,95.72830522,99.99999999999994,100.7615140472655,101.0973464811927,102.4582115662692,106.7913288495422,109.0177890813133
"Kazakhstan, Republic of",40.29934198929848,43.05962517650952,45.93527003438458,52.53207745,56.44186306,59.92074899,63.11665868,67.35693335906262,72.77342185082583,83.70971303789013,96.03595992851776
Kenya,71.56464706,76.48697440474523,81.52146507399658,86.65507515685889,93.59237690134425,97.98167824659689,103.1155635,108.6891267851205,115.3277891278858,124.1617394101013,133.6866785432532
Kiribati,81.58541416843032,83.30195922,83.77845954,85.38475307541631,85.68831370823355,86.17162192519459,84.60926152286852,86.76954372263629,88.55145762,93.28537817486102,101.9451286243008
"Korea, Republic of",93.00991666666668,94.19558333333332,94.86091666666668,95.78266666666666,97.645,99.08608333333332,99.46558333333336,100,102.4983333333334,107.715,111.59
"Kosovo, Republic of",100.1103965245018,100.5398278873379,99.99999999999994,100.2731694310454,101.7654691381547,102.8378713,105.5898045859268,105.7991130624518,109.3472888101242,122.0102630221663,128.0428462125278
Kuwait,100.2599167822468,103.1764042995839,106.5520284327323,109.9599861303745,112.3481333795654,112.9583333333333,114.1916666666667,116.5916666666666,120.5833333333334,125.3833333333333,129.95
Kyrgyz Republic,213.5554091288094,229.6452017703146,244.5797604086441,245.5307802,253.3271432654015,257.2351234529832,260.1511988889038,276.6068626,309.5370196917942,352.6335782473198,390.5532438582232
Lao People's Democratic Republic,94.55078844,98.45502032,99.71263972241692,101.3049631067004,102.1412139055509,104.2252957460073,107.6882424947426,113.1847286052132,117.4355173245788,144.3942759911432,189.4888021216911
"Latvia, Republic of",99.21046833333332,99.82606,99.99999916666665,100.1406325,103.0751166666667,105.6875083333333,108.6588166666666,108.89685,112.464125,131.9319833333333,143.724125
Lebanon,98.97846240099312,100.8141211350495,97.03445330320555,96.27432457,100.4346772009994,106.5380815659287,109.7399658763178,202.8700560034842,516.8238347,1401.654620175063,4504.1
"Lesotho, Kingdom of",62.17895019527618,65.51813989727358,67.62680528,72.08781081336838,75.29405992,78.87188533,82.96303595681643,87.09301616387359,92.36018049509963,100.0000335068141,106.3422530631386
Liberia,49.89032889,54.81007052374742,59.05713674627128,64.27439107171175,72.25703416,89.28333117242218,113.3597206960388,132.5806822,142.9426498924011,153.7962636652232,169.3211560880059
Libya,133.3323706896552,136.5762691570881,150.7833333333333,189.7666666666666,238.7333333333334,270.175,264.3333333333332,268.1583333333332,275.85,288.2916666666668,295.1333333333332
"Lithuania, Republic of",100.7874,100.891975,99.99999166666667,100.9055166666666,104.6621166666667,107.485825,109.9950916666667,111.3149166666667,116.5284,139.490375,152.2081583333333
Luxembourg,98.90583333333332,99.5275,100,100.2908333333333,102.0266666666666,103.5858333333333,105.3916666666667,106.2558333333334,108.9408333333334,115.8433333333333,120.1775
"Macao Special Administrative Region, People's Republic of China",83.68833333333332,88.75000000000001,92.7975,94.99583333333335,96.16250000000002,99.05166666666665,101.7775,102.6033333333334,102.6304763933333,103.7029936,104.1970186158333
"Madagascar, Republic of",82.76658694336355,87.79913320896883,94.29994937959358,99.99166666666667,108.6,117.9333333333334,124.55,129.7833333333334,137.3266666666666,148.5333333333333,163.2
Malawi,30.90572933814735,38.25884053461372,46.62503416,56.74784811791352,63.29847576665038,71.16025919710054,77.82857042352585,84.54168520348722,92.42954626460198,111.7972054104344,143.9833333333334
Malaysia,107.1166666666667,110.4833333333333,112.8083333333334,115.1666666666667,119.625,120.6833333333333,121.4833333333333,120.1,123.075,127.2333333333333,130.4
Maldives,91.70852145358732,93.65274371988838,94.54544790915432,95.02054769,97.69772632,97.56742355806561,97.78210089772784,96.44270685295002,96.96653511503132,99.22890340624265,102.1337952443232
Mali,99.93772665,100.8209908136483,102.2835914260718,100.4428477690289,102.2104987,102.5166666666667,100.8166666666667,101.2583333333334,105.2333333333334,115.3583333333334,117.7333333333334
Malta,96.50989944,96.80937590014997,97.87480980580432,98.50385392,99.84779566648238,101.0038570332665,102.662401,103.3179465699355,104.8655380114688,111.3187075787838,116.9892464642188
Martinique,99.105,99.86083333,100,99.755,100.3166667,,,,,,
"Mauritania, Islamic Republic of",85.51373339735741,88.53610390629568,91.41771227968007,92.76311631039322,94.85425345999398,97.76377485153628,100.0124322230829,102.3984237025562,106.0490963077718,116.1505551252259,121.9035505966551
Mauritius,69.20561931715615,71.43244293807345,72.35145682382642,73.05881902679995,75.73788374829805,78.17365486044118,78.49077034883722,80.51646075581395,83.76008963178295,92.78419331395348,99.32824612403103
Mexico,82.03624333333335,85.332965,87.65456833333332,90.12792416666667,95.57296416666665,100.2554183333333,103.9006666666666,107.43,113.5419166666666,122.5075,129.2796666666667
"Micronesia, Federated States of",100.9880029,101.6447126,101.3416937,100.2903059,100.87425,102.38575,104.3555,104.93425,108.283,114.13975,
"Moldova, Republic of",41.33012602234105,43.4333275,47.63604065443132,50.66536366566572,53.99419458,55.63834694326938,58.33000972,60.52670109939648,63.61744339781778,81.89937748130617,92.88782551
Mongolia,67.39982751623376,75.65898944805198,79.99854910714285,80.58515624999998,84.05147118506495,89.78735194355399,96.34278894304344,100,107.3528124338022,123.6145693223568,136.4056896455516
Montenegro,99.17961217443192,98.47492709350088,100,99.72861497661478,102.1023913631466,104.7685132890632,105.1473182069034,104.8785030946696,107.4069161280986,121.4131041158706,131.8361387668899
"Montserrat, United Kingdom-British Overseas Territory",100.0553689187508,99.6736941,98.53065329864178,98.28833333333333,99.46083333333333,100.7675,99.68833333333335,97.8002911,100.3516666666666,103.3425,102.2166666666667
Morocco,95.38799032,95.80990099,97.30253025,98.89372937,99.64004400440042,101.4374674,101.7452145214522,102.4635039,103.9,110.8166666666667,117.5666666666667
"Mozambique, Republic of",49.70788835283422,50.98028541,52.79047282352365,61.98553945677388,71.35354259,74.14441824339228,76.22246613661488,78.87800782666142,83.93288644537282,92.56068509327152,99.15746181
Myanmar,104.2032775,109.3647776,119.7043117,127.9984143,133.8511885,143.0498821,155.67413,,,,
Namibia,103.0707107400752,108.5851686,112.2705659719075,119.8247834535728,127.1889747687274,132.6474054307862,137.5850646830108,140.6248448,145.7111123127991,154.5722147063996,163.6609598916732
Nepal,88.70924886,96.12902766608822,103.6933333333333,112.8083333333333,116.9,121.6475,128.4216666666667,134.91,140.5083333333333,151.2583333333333,162.02
"Netherlands, The",98.4425,99.40333333333335,100,100.3166666666667,101.7025,103.435,106.1591666666667,107.51,110.3866666666667,121.4266666666667,126.0875
New Caledonia,104.8358333,105.0233333,105.6225,106.2333333,,,,,,,
New Zealand,96.34992,97.5326225,97.818105,98.450245,100.27235,101.875,103.525,105.3,109.45,117.3,124.025
Nicaragua,172.6041666666667,183.0225,190.3386048,197.0445634166667,204.6321025833334,214.7557383,226.3016293333333,234.6336330833333,246.1973498333334,271.9678714166668,294.7796078333332
Niger,83.77467347,82.99532835758401,82.51720026,83.88194334650858,86.22759552042162,88.78648880105402,86.57588932806323,89.08502635046115,92.50399209486169,96.41341238471675,99.98164690382082
Nigeria,146.9866634449652,158.8152841907126,173.1236439582994,200.298538,233.3523359446718,261.5765495378885,291.3869179,329.9840972647592,385.9257922,458.6619509423608,571.765925
"North Macedonia, Republic of",110.34,110.0291666666667,109.6991666666666,109.4366666666667,110.9158333333334,112.5333333333333,113.3958333333333,114.7566666666667,118.4641666666667,135.2916666666667,147.9575
Norway,95.91666666666669,97.875,100,103.55,105.4916666666667,108.4083333333333,110.7583333333333,112.1833333333333,116.0916666666667,122.7833333333334,129.5583333333334
Oman,95.45168397859615,96.41957821844508,96.48253068932952,97.55272269436573,99.10292729,99.98426188227889,100.475,100.0666666666667,101.75,104.3,105.2916666666667
Pakistan,89.37894449681278,95.80474005728195,98.22795633818168,101.9263559462496,106.0904284653932,111.4777611688545,123.2702820723436,135.2767990885931,148.1229687705643,177.5607201595315,232.1928299325963
"Palau, Republic of",95.4195152,99.41925842235005,100.3627875924404,99.31670090386196,100.725,102.85,103.125,103.35,106.05,119.15,134.425
Panama,99.99906229508198,102.6255646653006,102.7666666666667,103.5268666666667,104.4333333333333,105.228675,104.855025,103.2294833333333,104.91285,107.9129916666667,109.517025
Papua New Guinea,105.8,111.325,118,125.875,132.7,138.5049471876835,143.9463535260192,150.9589506,157.7273312085198,166.0131252,169.8292688009265
Paraguay,83.87062110466366,88.08833011,90.84461637653128,94.55727487642382,97.96367935,101.8583333333334,104.6666666666666,106.5166666666667,111.6166666666666,122.5166666666666,128.1916666666667
Peru,76.77224514552606,79.39167253785642,82.08947456932152,85.00954217895772,87.55549335,88.87684077876105,90.87845558603735,92.69821674,96.65797292,104.7131645,111.4730416666666
Philippines,87.41042944785278,90.55530236634532,91.16581945661702,92.30876424189309,94.94250657318145,99.98333333333332,102.375,104.825,108.9416666666667,115.2833333333334,122.175
"Poland, Republic of",123.8666666666667,123.9333333333333,122.85,122.0333333333334,124.5666666666666,126.825,129.65,134.025,140.8,161.1166666666667,179.6916666666667
Portugal,100.2744166666667,99.99549999999998,100.4834166666667,101.09375,102.4773333333333,103.4956666666667,103.8456666666666,103.83275,105.1469166666666,113.38275,118.271
Qatar,91.71279635445532,94.78491902210727,96.50439066,99.08741917605765,99.4786945,99.73317630395958,99.06831393558716,96.55166666666665,98.77666666666669,103.7108333333333,106.8508333333334
Romania,99.53416666666668,100.5975,99.99979347779082,98.455,99.77333333333335,104.3883333333333,108.3841666666667,111.2358333333333,116.8558333333333,132.9766666666667,146.8025
Russian Federation,121.6389583333333,131.155275,151.5294666666667,162.20085,168.1752416666667,173.015825,180.7502666666667,186.862625,199.3720666666666,,
Rwanda,99.48712551,101.8295404532198,104.4043032774978,111.8946261220788,121.1589827824816,120.7819237178365,124.8255534190795,137.1213685132049,136.5847484963029,160.7455108831948,192.5563189022719
Samoa,99.51115184845705,99.10632447296058,99.82432019553924,101.1267467613224,102.8963604414065,107.2153928667809,108.2685981579212,106.5699586123058,109.9090135981652,121.9571102275048,131.6181218060804
"San Marino, Republic of",98.52982034,99.62642081466045,99.77156264,100.4141666666667,101.4325,102.6125,103.0975,102.96,104.6233333333334,110.195,116.7316666666667
"São Tomé and Príncipe, Democratic Republic of",87.745,93.88583333333335,98.81096993809459,104.1769190879969,110.1048943553988,118.7686039863678,127.9378314966494,140.5004666991592,151.9340720672863,179.2907666949566,217.4060363
Saudi Arabia,93.1975,95.28166666666668,96.43083333333335,98.42583333333332,97.60083333333333,100,97.90666666666668,101.28,104.3825,106.965,109.4541666666666
Senegal,79.37182318345158,78.50646785,78.61261797,79.27082957989435,80.31574051582622,80.68598454824301,82.10614785079022,84.19422776911078,86.0299337,94.37210064589422,99.97731079031755
"Serbia, Republic of",176.475,180.15,182.6583333333334,184.7083333333334,190.4916666666667,194.225,197.8166666666666,200.9333333333333,209.1416666666667,234.2,263.175
Seychelles,98.63310831,100,104.0419441072562,102.9854169787764,105.9275,109.8499089,111.835,113.18,124.2366666666666,127.4991666666667,126.1791666666667
Sierra Leone,37.775,39.5275,42.17166666666665,46.7625,55.28333333333335,64.14499999999998,73.64166666666668,83.54416666666668,93.46416666666666,118.8941666666667,175.5387639
Singapore,98.47358333333332,99.48308333333333,98.96316666666665,98.43641666666667,99.00366666666665,99.43791666666668,100,99.81808333333335,102.11875,108.3695,113.5945
"Sint Maarten, Kingdom of the Netherlands",124.0425758,126.3829549,126.800053,126.9416667,129.7242408,,,,,,
Slovak Republic,164.1166666666666,163.9916666666666,163.4583333333333,162.6083333333334,164.7416666666667,168.8833333333334,173.3833333333333,176.7416666666666,182.3083333333334,205.5966666666667,227.25
"Slovenia, Republic of",100.3291666666667,100.5291666666666,100.0008333333333,99.94583333333333,101.3741666666667,103.1366666666667,104.8183333333334,104.7608333333334,106.7691666666667,116.2008333333334,124.8541666666666
Solomon Islands,,99.59136126,99.01923947425831,99.52669884380458,100.0130726439791,103.475,105.1666666666667,108.2833333333333,108.1583333333333,114.12665,120.8439836666667
Somalia,,,100.9126149826323,100.9367671256228,104.9304245539246,109.4067048465265,114.5581814565651,119.2701081775134,124.7862318739955,133.2458352341088,141.3791666666666
South Africa,57.34166666666665,60.85833333333332,63.60833333333332,67.80833333333335,71.325,74.54166666666669,77.6,80.10833333333332,83.80833333333335,89.70833333333331,95.15833333333332
"South Sudan, Republic of",158.8346202553795,161.4939868139638,246.7084375033822,1184.199477715744,3408.737502365402,6255.085453214728,11712.10733134767,15187.77397985823,16785.02901013693,15662.56025,16035.76841666667
Spain,94.02341666666668,93.88133333333332,93.41158333333335,93.22233333333332,95.04583333333332,96.63783333333332,97.31383333333332,96.99975,100.0000833333334,108.3906666666667,112.2194166666667
Sri Lanka,81.10722774327122,83.68562836438922,86.83921066252589,90.27707816,97.23214855072462,99.30809161490681,102.8120719461698,109.1390703933747,116.7949368530021,174.8666666666667,203.7916666666666
St. Kitts and Nevis,109.6025,109.8741666666667,107.345,106.6075,107.3483333333334,106.235,105.8848897416666,104.6489536416667,105.9002295333334,108.7258333333333,112.5933333333334
St. Lucia,99.84192491666666,103.353321,102.3367368,99.18658924999998,99.29000325,101.2118794,101.7575,99.97083333333335,102.3808333333334,108.9108333333333,113.3441666666667
St. Vincent and the Grenadines,107.4666666666667,107.675,105.8083333333333,105.65,107.925,110.4333333333333,111.4416666666667,110.7416666666667,112.4833333333333,118.85,124.275
Sudan,313.9671601,429.8418983,502.5263176,591.7260146,783.1590023,1278.839971,1930.972285,5083.434815,23337.69547,55732.39121,
Suriname,60.12373939683985,62.15797364783832,66.44308442566366,103.2607841510459,125.975,,140.6333333333333,189.7,301.85,460.1583333333335,697.5416666666665
Sweden,314.0566666666668,313.4925,313.3458333333332,316.43,322.1083333333332,328.4008333333332,334.26,335.9225,343.1891666666668,371.9116666666668,403.705
Switzerland,100.9275583333333,100.9142333333334,99.75986666666668,99.32629166666668,99.85648333333334,100.791475,101.1572333333333,100.4229583333333,101.0072333333333,103.8708166666667,106.088875
Syrian Arab Republic,292.2264188772368,324.1583333333332,448.8333333333332,662.95,782.78,790.1458333333335,896.1641666666668,,,,
Taiwan,93.71,94.83,94.54,95.86,96.45,97.76,98.3,98.07,100,102.95,105.51
"Tajikistan, Republic of",440.7545217,467.6600626,494.3847751,524.0705085,,,,,,,
"Tanzania, United Republic of",72.83757154185308,77.30369051605003,81.62355179471882,85.84737984015352,90.41335821,93.57281548,96.81444035794928,99.99991681558132,103.6908333333333,108.2016666666666,112.3125
Thailand,96.47444896867616,98.3027766,97.41763386,97.60092484582282,98.25058772959142,99.29587331728028,99.99762565393831,99.15170859205658,100.3716666666667,106.4716666666667,107.7791666666667
"Timor-Leste, Democratic Republic of",96.91329862754378,97.61715570279222,98.15677946048272,96.84291292001892,97.38253667770942,99.95000000000002,100.9083333333333,101.4083333333333,105.1583333333334,112.525,122
Togo,99.38054989,99.57024258788232,102.1441373,103.4571475,102.4413123,103.3917170833333,104.0892521666667,105.8580248333333,110.2894694166667,119.0768640833333,125.6133333333333
Tonga,84.18028199186293,86.29394476905952,85.38440804117975,87.58575055648302,94.16962646076794,98.90833333333332,100.075,99.725,105.35,116.9083333333333,124.3333333333333
Trinidad and Tobago,91.56913740788902,96.77431007079902,101.2851696773048,104.3953003885774,106.3583333333333,107.4416666666666,108.5166666666667,109.1666666666666,111.4146567,117.9083333333333,123.3666666666667
Tunisia,91.51795559154785,95.75116529732774,99.99999999999999,103.6293993738438,109.1309270799326,117.1057697151828,124.9753656542244,132.0166666666667,139.55,151.1416666666666,165.2416666666667
"Turkiye, Republic of",222.3333333333333,242.02,260.585,280.8458333333332,312.1441666666668,363.125,418.2358333333332,469.5908333333332,561.6141666666665,967.7108333333335,1488.914166666667
Uganda,83.77088801983008,86.34743482658195,91.17398535642455,96.37671491,101.3976690628622,104.0502441615251,107.0339765129368,110.5803577626452,113.0181814199879,121.1507311281086,127.6334438042508
Ukraine,104.375,116.975,173.9416666666667,198.1416666666667,226.75,251.5833333333332,271.425,278.8416666666668,304.95,366.5,413.5916666666668
United Arab Emirates,90.97743818,93.11201329945278,96.90164066051248,98.46901315628251,100.4057269,103.4868109587132,101.4883966618076,99.37804371489035,99.55685993193225,104.8246384330088,106.5298296024562
United Kingdom,98.2,99.625,99.99166666666665,101,103.5833333333333,105.9583333333333,107.8,108.8666666666667,111.6083333333334,120.45,128.6333333333333
United States,106.8338489,108.5669321189636,108.6957219606935,110.0670089342698,112.4115573023076,115.1573032247906,117.2441954762282,118.6905015771978,124.2664138258379,134.2112061684602,139.7357935632595
Uruguay,47.28105451295802,51.47836078130985,55.93961445,61.33186519,65.14553810800459,70.10085535554705,75.62619685944082,83.00459594025278,89.43572066896465,97.57828838,103.3052592183334
"Uzbekistan, Republic of",44.98100379692442,49.15663246435188,53.45876291676832,57.80543436,65.82636760628564,77.36189852360575,88.59928363374648,100,110.8492397508122,123.5377572691174,135.8379061359042
Vanuatu,140.825,141.95,145.475,146.7,151.225,154.75,159.025,167.5,171.425,182.875,203.325
"Venezuela, República Bolivariana de",406.1666667,658.675,1460.533333,5184.141667,,,,,,,
Vietnam,84.20595690847432,87.64539508233425,88.19861360943878,90.5519715,93.73963351691641,97.05766788768464,99.77122914442795,102.9847949518454,104.8742729970104,108.1846372893448,111.7037676
West Bank and Gaza,97.10541858,98.78824101654244,100.2025047941954,99.98295448790871,100.1954891883333,99.99999999999935,101.5801833363939,100.8332317415533,102.0810238545906,105.9001035353094,112.1176063955933
Zambia,131.2625,141.51,155.8175,183.6616666666667,195.7416666666666,210.4116666666667,229.665,265.7983333333332,324.3291666666668,359.9833333333332,399.1658333333332
Zimbabwe,2.081829116945108,2.077711575178997,2.027203062848051,1.995909745425616,2.013752426412092,2.227590095465394,7.914738782816228,52.01580712,103.2753590692124,211.41,