Country Name,1960,1961,1962,1963,1964,1965,1966,1967,1968,1969,1970,1971,1972,1973,1974,1975,1976,1977,1978,1979,1980,1981,1982,1983,1984,1985,1986,1987,1988,1989,1990,1991,1992,1993,1994,1995,1996,1997,1998,1999,2000,2001,2002,2003,2004,2005,2006,2007,2008,2009,2010,2011,2012,2013,2014,2015,2016,2017,2018,2019,2020,2021,2022,2023,2024
Aruba,,,,,,,,,,,,,,,,,,,,,,,,,,,,,,,,,,,,,,,,,,,,,,,,,,,,,,,,,,,,,,,,,
Africa Eastern and Southern,,,,,,,,,,,,,,,,,,,,,,,,,,,,,,,,,,,,,,,,,,,,,,,,,,,,,,,,,,,,,,,,,
Afghanistan,,,,,,,,,,,,,,,,,,,,,,,,,,,,,,,,,,,,,,,,,,,,,,,,,,,,,,,,,,,,,,,,,
Africa Western and Central,,,,,,,,,,,,,,,,,,,,,,,,,,,,,,,,,,,,,,,,,,,,,,,,,,,,,,,,,,,,,,,,,
Angola,,,,,,,,,,,,,,,,,,,,,,,,,,,,,,,,,,,,,,,,,,,,,,,,,,,,,,,,,,,,,,,,,
Albania,,,,,,,,,,,,,,,,,,,,,,,,,,,,,,,,,,,,,,,,,,,,,,,,,,,,,,,,,,,,,,,,,
Andorra,,,,,,,,,,,,,,,,,,,,,,,,,,,,,,,,,,,,,,,,,,,,,,,,,,,,,,,,,,,,,,,,,
Arab World,,,,,,,,,,,,,,,,,,,,,,,,,,,,,,,,,,,,,,,,,,,,,,,,,,,,,,,,,,,,,,,,,
United Arab Emirates,,,,,,,,,,,,,,,,,,,,,,,,,,,,,,,,,,,,,,,,,,,,,,,,,,,,,,,,,,,,,,,,,
Argentina,,,,,,,,,,,,,,,,,,,,,,,,,,,,,,,,,,,,,,,,,,,,,,,,,,,,,,,,,,,,,,,,,
Armenia,,,,,,,,,,,,,,,,,,,,,,,,,,,,,,,,,,,33.46118021,51.99565916,70.86586958,69.86832841,74.05734179,72.7516842,73.99084529,73.11483194,73.7366995,67.94186975,71.64927216,80.08988571,87.01174551,99.43944219,107.8622904,99.24434161,100,99.85556482,95.06219384,96.84668401,100.9778721,103.999506,102.6195308,99.31392842,98.89440869,102.3972327,102.2792695,100.2674477,117.5178228,126.4538356,
American Samoa,,,,,,,,,,,,,,,,,,,,,,,,,,,,,,,,,,,,,,,,,,,,,,,,,,,,,,,,,,,,,,,,,
Antigua and Barbuda,,,,,,,,,,,,,,,,,,,,128.0100708,132.3365568,145.1036878,149.8855301,154.1649593,162.3733742,160.7983938,141.4258584,131.9415684,132.8534928,136.2021962,131.4257341,133.1005318,131.0662997,139.0300774,117.0447163,113.4350103,115.4033572,115.3887909,119.5165688,116.9948999,114.6657691,116.9819036,117.7623651,114.0752384,110.9389677,108.3424918,106.1583561,98.2210446,95.37685204,99.83967649,100,96.66613573,100.7412302,99.96501576,100.3130292,110.3508232,111.6984408,111.5424801,108.1897938,111.8906545,112.3144213,108.5468676,115.995134,113.9039957,
Australia,,,,,,,,,,,,,,,,,,,,,92.31740137,100.260576,100.6543709,98.60095788,101.7176923,85.60769789,74.88069836,74.72129299,82.65275951,88.70311359,86.5546073,85.1742211,76.9556517,71.63744982,75.21658561,73.52998695,80.38312943,79.9691708,73.25845779,73.51143817,70.44588173,67.57118041,70.86184009,79.37331065,85.4230453,87.96631017,87.24088887,92.33486895,90.37433229,87.59357679,100,106.9638352,109.0236447,103.4761201,98.34141144,89.82043471,91.00224198,93.78271837,89.96473115,86.03042954,85.33122313,90.54050749,90.77747139,90.34190782,
Austria,,,,,,,,,,,,,,,,,,,,97.78785789,97.86567263,94.6676386,95.93652314,95.94774468,96.79748676,96.4579259,100.6700935,103.4172316,103.1049987,101.8570763,103.6696941,101.6294946,103.4473409,106.1621658,106.836554,110.9084239,108.340654,103.6782315,103.2953935,101.5016582,98.34332303,98.48984155,99.29968552,102.8029775,103.9209779,102.874536,102.008322,102.5711748,102.7406758,103.5908595,100,100.2554323,98.39036155,100.5020754,101.8196779,98.33206608,99.87638998,100.9873513,102.8451982,101.7302722,103.6769191,103.9916646,102.6871618,106.6313801,
Azerbaijan,,,,,,,,,,,,,,,,,,,,,,,,,,,,,,,,,,,,,,,,,,,,,,,,,,,,,,,,,,,,,,,,,
Burundi,,,,,,,,,,,,,,,,,,,,188.9883004,174.1001437,210.1238516,231.3222108,249.5723165,231.498096,236.6659245,203.0430306,173.6636425,153.0473784,155.1380676,136.0115516,139.2394824,121.6242272,119.0200479,123.4055554,130.3634377,134.3336823,158.9415838,145.1231108,119.4091287,123.7585214,118.7342114,103.4308824,84.46694071,81.33997981,89.06476156,91.72419691,86.69399231,89.02711829,96.82053692,100,100.7868678,102.637522,100.6335098,104.3275477,117.5199484,118.897033,129.2096869,117.9886862,114.1595387,116.3066811,116.6615041,134.2737043,135.6438843,
Belgium,,,,,,,,,,,,,,,,,,,,118.1704555,113.0082519,105.0143439,95.78704025,94.70841686,94.11701714,95.28317035,99.23185182,102.3589292,100.1222963,98.93240993,103.1703725,101.645283,102.5398194,102.4609586,104.1524542,107.9706373,105.2264375,98.93289648,98.74637822,97.02215578,93.03023381,93.64501036,95.12698953,99.72094029,101.3094173,101.0547467,100.6143829,101.4176624,104.1487075,104.213663,100,100.7511008,98.47833515,100.2001517,99.95033724,94.51495982,97.40819664,98.85009551,101.266747,99.79824471,101.2135824,101.3964603,101.0444676,102.578471,
Benin,,,,,,,,,,,,,,,,,,,,,,,,,,,,,,,,,,,,,,,,,,,,,,,,,,,,,,,,,,,,,,,,,
Burkina Faso,,,,,,,,,,,,,,,,,,,,,,,,,,,,,,,,,,,,,,,,,,,,,,,,,,,,,,,,,,,,,,,,,
Bangladesh,,,,,,,,,,,,,,,,,,,,,,,,,,,,,,,,,,,,,,,,,,,,,,,,,,,,,,,,,,,,,,,,,
Bulgaria,,,,,,,,,,,,,,,,,,,,,,,,,,,,,,,,,,51.84163213,45.82057702,53.91923947,46.24413455,56.78506167,65.39711353,66.94118544,69.12492379,72.52853808,75.78941452,78.92138231,82.76628475,83.04996772,86.65062513,91.65587014,99.66057261,103.8783708,100,101.454421,100.0178618,100.8899988,100.1752249,97.07955756,97.29755938,98.55126391,101.8513043,102.3783273,105.3413806,106.7491515,112.0172253,117.9243341,
Bahrain,,,,,,,,,,,,,,,,,,,,,174.716414,193.4508983,216.6966616,224.6774462,229.8526557,223.3955251,182.0067904,157.3439496,145.8141508,148.0326147,135.9591777,131.0766582,124.3453822,130.4927173,125.9780999,120.1361711,119.4537662,127.3248531,130.2192217,126.3782595,129.2234132,133.144453,136.2385804,125.6798013,114.9283167,109.1201516,111.98784,105.0878276,97.8404489,102.4371711,100,93.13211354,95.70253456,97.61554398,98.9170771,105.748608,108.9693212,109.4223426,108.3764114,110.7842575,107.2220958,102.2998301,106.60077,104.426347,
"Bahamas, The",,,,,,,,,,,,,,,,,,,,,101.1186375,106.2611919,109.1686495,112.4335283,115.6578056,118.1222607,114.2823235,111.9065344,110.6912607,112.7965371,109.3811077,112.7677214,115.6384393,118.1618968,113.5433211,106.8982763,107.2271219,111.7165524,118.0573429,115.210205,117.1053135,120.4938485,119.0912787,113.0385056,105.9762611,102.0529121,101.0697004,99.417527,98.40564813,101.0854535,100,99.33985249,99.26579745,98.70422698,99.02989835,102.2595243,101.2822105,100.8621233,100.4784456,102.0980619,101.4678034,99.77972963,99.10330247,98.63811868,
Bosnia and Herzegovina,,,,,,,,,,,,,,,,,,,,,,,,,,,,,,,,,,,,,,,,,,,,,,,,,,,,,,,,,,,,,,,,,
Belarus,,,,,,,,,,,,,,,,,,,,,,,,,,,,,,,,,,,,,,,,,,,,,,,,,,,,,,,,,,,,,,,,,
Belize,,,,,,,,,,,,,,,,,,,,,110.8522306,118.570937,121.570097,125.7012891,130.819283,141.2473656,126.8931093,117.8585293,115.3283594,115.88853,109.9323921,106.5012739,103.2275115,105.0135233,104.6513322,102.6346862,106.8080943,108.3310359,111.7449954,112.4694015,114.1956405,115.2473651,114.6904749,111.8987868,108.4104311,105.926438,106.4450734,101.2499716,99.83981249,102.6007762,100,95.36931644,96.98072383,95.48693666,96.44210332,102.8550178,105.0073321,104.8432958,103.5554171,103.9844612,104.3985481,101.9506991,104.8511264,105.044106,
Bermuda,,,,,,,,,,,,,,,,,,,,,,,,,,,,,,,,,,,,,,,,,,,,,,,,,,,,,,,,,,,,,,,,,
Bolivia,,,,,,,,,,,,,,,,,,,,,174.0867771,221.2858601,239.4074251,223.5638094,295.4646303,503.0063495,147.5606753,139.8558962,133.6187942,128.8195785,106.3320076,110.528119,108.6811681,107.5717884,102.6124653,99.85117713,104.4491338,106.7424487,111.6222554,114.9407556,113.0912517,111.1241237,109.5097031,98.57290533,92.14254119,87.06871291,85.49863015,86.66875597,97.22946775,105.9526782,100,102.2851946,106.657151,112.2711481,120.1297858,137.6291009,143.4560422,140.7579897,144.1290801,150.776202,158.9943209,152.4456693,151.1305532,148.800844,
Brazil,,,,,,,,,,,,,,,,,,,,,84.30795493,98.02165281,106.3271147,81.54323744,72.83273443,70.3924644,67.37625462,69.88400283,69.71677889,93.7375425,114.6108691,96.26517006,84.45375922,88.80419614,92.74109259,101.5037365,107.0688874,109.8406496,106.7613408,70.97277535,76.52776752,63.9074742,60.90323882,57.57659944,60.44651117,73.46353654,81.71682663,87.42965749,90.35583488,89.17468147,100,103.1662354,91.98734741,86.41089402,84.59208574,69.6111775,73.23776135,79.73197621,71.41910543,70.00814984,55.58545286,53.79144321,60.36191522,63.32874318,
Barbados,,,,,,,,,,,,,,,,,,,,,,,,,,,,,,,,,,,,,,,,,,,,,,,,,,,,,,,,,,,,,,,,,
Brunei Darussalam,,,,,,,,,,,,,,,,,,,,,,,,,,,,,,,,,,,,,,,,,,,,,,,,,,,,,,,,,,,,,,,,,
Bhutan,,,,,,,,,,,,,,,,,,,,,,,,,,,,,,,,,,,,,,,,,,,,,,,,,,,,,,,,,,,,,,,,,
Botswana,,,,,,,,,,,,,,,,,,,,,,,,,,,,,,,,,,,,,,,,,,,,,,,,,,,,,,,,,,,,,,,,,
Central African Republic,,,,,,,,,,,,,,,,,,,,,203.0921991,177.441375,174.540852,179.0580091,168.7534914,179.9137743,188.7866999,174.3743033,160.9459642,154.0565156,155.7833989,144.299108,141.4850199,132.8020067,83.17784453,98.29000594,100.0512166,96.50960061,94.25540133,90.16998979,87.31620522,89.19841806,91.15208094,97.18545026,94.21815529,93.368456,96.73758032,97.72108414,104.3859474,106.6291706,100,98.41061145,97.44716736,105.1909067,119.8690556,112.6437147,118.7588528,122.6401367,126.0083235,125.2470761,127.9114617,130.699907,125.7878782,128.541429,
Canada,,,,,,,,,,,,,,,,,,,,93.976886,92.33613994,96.95544309,103.4845923,108.0891271,106.0544566,102.2980952,92.57302722,92.71444838,97.96928714,104.9623638,103.7449504,106.6838811,97.83707714,91.46390811,83.55606484,80.8308227,81.67317854,80.88911812,76.18736969,75.26091501,75.62972255,73.40802933,72.76696182,80.95549905,85.44268143,90.53859205,95.53451687,98.59465072,95.98591775,91.57478214,100,101.5629689,101.0738954,97.49939316,91.51770712,83.26622305,81.70899235,82.9268763,82.42559204,81.71482097,80.84259797,84.76002554,84.18367083,81.24937962,
Central Europe and the Baltics,,,,,,,,,,,,,,,,,,,,,,,,,,,,,,,,,,,,,,,,,,,,,,,,,,,,,,,,,,,,,,,,,
Switzerland,,,,,,,,,,,,,,,,,,,,93.08500573,85.70562723,84.99827782,89.96487081,91.43194727,88.55061961,86.88417936,92.70012508,96.24247866,95.04700579,89.70237474,96.04698388,95.38046986,93.63149163,95.67603237,100.1409747,106.7172703,103.5463205,95.35774566,96.58187568,94.74904881,92.30888529,94.6989794,98.09669307,98.38208154,97.36110866,95.48027936,92.8987404,89.04308159,92.52531228,96.08743301,100,109.4715738,105.3407739,103.6185525,104.2562735,110.4779863,108.1574706,106.0988484,103.2271771,104.1880348,108.1843558,105.5193854,105.8305122,109.3040636,
Channel Islands,,,,,,,,,,,,,,,,,,,,,,,,,,,,,,,,,,,,,,,,,,,,,,,,,,,,,,,,,,,,,,,,,
Chile,,,,,,,,,,,,,,,,,,,,,163.9519994,194.3578662,175.2870231,143.5564091,142.3854043,120.4725003,101.4058504,93.13209687,87.48020684,89.8678322,86.19095393,88.26345863,93.27835004,95.1121341,98.43230622,104.3764747,106.9207172,114.750974,112.7095332,107.3452977,106.4854797,95.92583645,91.65641831,86.20924459,91.03314953,96.31846696,100.1346382,97.50981272,98.26320909,95.13651253,100,100.7041073,102.8908399,101.3534144,91.87215717,90.98521383,92.6351217,95.81335253,97.02957194,92.14098397,84.60777756,87.49690838,84.46464046,91.94308995,
China,,,,,,,,,,,,,,,,,,,,,269.900446,242.2150361,231.0751417,227.1291131,202.4440833,171.8419593,124.1351376,107.2273949,117.1996273,136.3639823,100.5794512,88.34282886,84.58120094,89.99983828,70.55438207,78.63754493,86.36111428,93.00470868,98.01268595,92.68323741,92.75823403,96.76715526,94.56090342,88.38336511,85.85088524,84.92002989,86.25908796,89.32831993,97.00817661,101.1068433,100,102.6938552,108.6697974,114.6537512,118.358519,130.0436724,123.8909594,120.2554561,121.7991952,121.1790673,123.6450327,127.3285049,125.965969,116.0273778,
Cote d'Ivoire,,,,,,,,,,,,,,,,,,,,,132.2087687,113.6340574,103.4663874,96.70912689,96.08005648,96.36190228,115.4198508,128.3582539,131.3444559,124.1790336,126.2149906,121.4132889,126.4899563,124.2095972,76.96059736,88.5094463,88.56922529,86.6470748,92.51987238,91.5443996,86.57329781,89.64828575,93.21317705,99.67976054,100.9235042,101.1262605,100.8942409,102.587627,107.0555683,107.356924,100,102.2004032,97.30901458,100.4620927,100.6942393,93.75956868,94.82666826,95.12770908,96.20562994,92.28242776,95.71970959,97.5929152,92.8331691,96.95012793,
Cameroon,,,,,,,,,,,,,,,,,,,,,137.4299388,126.307326,123.4961869,128.4078648,130.6784816,136.5783157,151.2043585,169.1540618,164.447812,151.7440208,156.2849664,149.1011603,150.0002728,139.5175872,90.25743461,96.98466218,98.01533312,97.02083058,100.4213857,99.36529084,93.6729085,96.83177011,100.318779,103.5447573,102.8952695,99.82858045,101.470227,102.1026582,105.0060251,106.4694766,100,100.2187695,96.43044219,98.94622122,99.75243677,93.53993228,95.5109101,96.33332605,97.7627036,96.75564636,99.71016892,99.84862288,96.80567794,104.9162814,
"Congo, Dem. Rep.",,,,,,,,,,,,,,,,,,,,,,,,,,,,,,,,,251.1390471,339.268578,305.0584942,236.9805535,234.2031628,223.3840117,238.7978302,368.3308829,511.0478176,246.0056836,110.4013885,91.0686237,87.0010197,85.23438884,93.91878979,91.38177492,92.59331389,96.26171993,100,105.4814287,107.2058728,108.0549579,109.4585232,121.6125245,118.3088705,104.1019147,118.0786641,124.7909666,126.2650702,118.3192302,128.5764043,126.9589578,
"Congo, Rep.",,,,,,,,,,,,,,,,,,,,,,,,,,,,,,,,,,,,,,,,,,,,,,,,,,,,,,,,,,,,,,,,,
Colombia,,,,,,,,,,,,,,,,,,,,,136.6397993,147.5619569,157.2196078,156.1286692,145.5619505,127.261028,94.35729753,84.1968424,81.66359348,78.52617586,69.14900832,69.45531568,77.16314062,81.77855224,92.08303812,93.69538708,99.29216073,105.553036,99.07884119,89.8978127,81.43623489,78.87835747,78.67440545,68.96464645,75.21809801,84.79060424,83.09231491,92.33015725,95.44049421,90.44508399,100,100.1545801,105.2948704,101.3366885,95.88230503,77.58140725,74.18485818,77.42177207,78.27501174,73.65661448,67.99677315,65.81558348,62.7413783,66.6771653,
Comoros,,,,,,,,,,,,,,,,,,,,,,,,,,,,,,,,,,,,,,,,,,,,,,,,,,,,,,,,,,,,,,,,,
Cabo Verde,,,,,,,,,,,,,,,,,,,,,,,,,,,,,,,,,,,,,,,,,,,,,,,,,,,,,,,,,,,,,,,,,
Costa Rica,,,,,,,,,,,,,,,,,,,,,141.1144122,76.90646219,78.84460728,95.48507947,98.22112563,100.9270172,93.28425731,89.4213141,84.33721915,88.79899388,87.63542074,81.05528922,85.74189151,88.40377149,87.67464008,89.39531562,89.54653215,90.67217788,92.57723895,90.25239563,92.13648805,95.84486447,93.61295857,87.56106694,84.81317261,84.70375209,85.29550381,86.52021518,89.12320288,90.27622207,100,101.8159529,106.1897279,110.5664966,106.4226992,114.7533806,113.968063,108.5370546,106.1206887,106.7468037,107.8645957,97.99356267,99.78819888,114.9625621,
Caribbean small states,,,,,,,,,,,,,,,,,,,,,,,,,,,,,,,,,,,,,,,,,,,,,,,,,,,,,,,,,,,,,,,,,
Cuba,,,,,,,,,,,,,,,,,,,,,,,,,,,,,,,,,,,,,,,,,,,,,,,,,,,,,,,,,,,,,,,,,
Curacao,,,,,,,,,,,,,,,,,,,,,,,,,,,,,,,,,,,,,,,,,,,,,,,,,,,,,,,,,,,,,,,,,
Cayman Islands,,,,,,,,,,,,,,,,,,,,,,,,,,,,,,,,,,,,,,,,,,,,,,,,,,,,,,,,,,,,,,,,,
Cyprus,,,,,,,,,,,,,,,,,,,,,111.6150733,107.8502071,105.3317399,103.0983878,102.1422033,102.3036684,98.20350088,93.28065754,92.43093911,90.67928882,89.12037262,88.6924189,91.55085781,91.29866437,93.59683134,94.71649758,93.78889923,92.22101641,95.66553947,93.7685185,91.14680204,92.10783598,94.8998718,101.5191135,103.0199636,102.3779671,101.7325925,100.9419332,103.7608478,104.6768775,100,100.0575188,97.37320862,97.38297184,96.5936276,88.18679104,87.45074082,87.53076695,89.20260455,87.47811827,87.63018788,87.72175872,86.59558463,88.20970569,
Czechia,,,,,,,,,,,,,,,,,,,,,,,,,,,,,,,47.04915731,43.11048086,45.08928415,52.21462687,55.2204088,57.00235886,60.65555391,61.58283718,67.1699736,65.99950234,67.04657475,71.23380966,79.43154241,78.03443217,78.79466846,83.16678907,87.61810962,90.03549177,103.5032193,99.33465638,100,101.868482,98.41193364,96.43928663,90.85519094,88.60855086,90.96170338,94.86788571,99.24636391,99.59025964,100.2451694,104.8805806,115.2626923,125.8679704,
Germany,,,,,,,,,,,,,,,,,,,,121.2391726,114.6388595,104.8311426,106.7441022,107.4113824,102.6740729,99.92516383,105.8053729,109.2727197,107.050445,104.6698495,107.8129934,105.9422292,110.9111766,115.2441701,116.0233644,121.2490926,116.8437884,110.2154732,110.3923825,106.915913,99.7034375,99.72821066,100.7861531,106.1545332,107.6527404,105.2216007,104.2583444,105.7694637,105.8819655,106.4632745,100,98.8974556,95.23715669,97.60586144,98.26736299,92.49969124,94.08299836,94.90056574,97.04944387,95.47082784,96.35394625,97.13948922,93.72070616,97.13443328,
Djibouti,,,,,,,,,,,,,,,,,,,,,,,,,,,,,,,,,,,,,,,,,,,,,,,,,,,,,,,,,,,,,,,,,
Dominica,,,,,,,,,,,,,,,,,,,,109.6342917,112.0408897,121.0848348,125.1322147,133.1422069,144.0709,148.0834453,137.3691755,130.3072808,125.452766,130.8456959,125.6621735,127.5407026,128.6223986,131.6515776,127.3622398,120.0451699,119.1800493,119.7392114,120.3472795,119.6346368,120.3170021,121.939231,120.1930506,117.5488466,112.8113035,107.8613054,106.116882,102.6826535,100.0384652,101.2499745,100,95.19719844,95.53987644,94.42468201,94.0825709,97.32171968,97.91512294,96.0671658,94.13346913,96.09556045,95.14489815,92.95353449,97.12953488,95.95232188,
Denmark,,,,,,,,,,,,,,,,,,,,98.52540673,91.89331999,87.57162754,85.8909632,86.63368289,85.10671964,86.20597679,91.708048,95.89481127,95.92499467,94.33289952,98.51612456,94.66261069,95.57832837,95.63172105,95.55927936,99.66465354,98.68768871,95.52776625,97.14973849,96.74673966,92.76457141,93.72922079,95.57797445,100.5119067,101.4022874,100.1403611,99.73331257,100.4028398,101.7435026,104.4620605,100,99.23236633,96.6728134,97.70308404,98.45181824,94.42615295,95.82492236,96.32250378,97.34096116,95.55009569,96.68221562,95.9660971,94.27932504,95.01029449,
Dominican Republic,,,,,,,,,,,,,,,,,,,,,143.7032583,146.094165,147.9006996,141.2747328,98.50659722,113.5485086,104.0232328,85.04772512,71.24044411,85.89335887,84.60983805,85.35725006,86.02758555,89.76828168,94.05446141,98.90200451,102.6026107,102.4971707,102.6376736,98.99033499,103.4823408,108.2442533,105.6469096,79.91816673,79.96423384,106.8584116,100.5192157,100.675809,99.76448595,99.57853319,100,96.42273471,96.33190942,93.58193843,91.69266699,94.25820181,93.69162636,90.79374558,87.7945809,87.01068683,82.09015254,83.34081869,91.2852006,90.34011241,
Algeria,,,,,,,,,,,,,,,,,,,,,314.4804504,349.352263,365.4427339,383.2792729,417.5425988,449.8226156,415.339727,367.4299279,304.0272253,260.7899649,220.9608783,131.7875408,135.1520187,162.1205974,139.9843043,117.3480529,119.5736729,129.0833911,135.4560137,125.2273619,119.3296434,123.2792031,114.3009133,103.0120775,103.4458343,101.6687788,101.2425473,99.86714588,102.2307368,100.2617822,100,99.12325252,103.9099947,101.7984329,102.9246331,96.57357383,95.58586522,97.80487643,93.51677046,95.44848218,91.22069805,86.79854395,92.32771806,102.3110482,
East Asia & Pacific (excluding high income),,,,,,,,,,,,,,,,,,,,,,,,,,,,,,,,,,,,,,,,,,,,,,,,,,,,,,,,,,,,,,,,,
Early-demographic dividend,,,,,,,,,,,,,,,,,,,,,,,,,,,,,,,,,,,,,,,,,,,,,,,,,,,,,,,,,,,,,,,,,
East Asia & Pacific,,,,,,,,,,,,,,,,,,,,,,,,,,,,,,,,,,,,,,,,,,,,,,,,,,,,,,,,,,,,,,,,,
Europe & Central Asia (excluding high income),,,,,,,,,,,,,,,,,,,,,,,,,,,,,,,,,,,,,,,,,,,,,,,,,,,,,,,,,,,,,,,,,
Europe & Central Asia,,,,,,,,,,,,,,,,,,,,,,,,,,,,,,,,,,,,,,,,,,,,,,,,,,,,,,,,,,,,,,,,,
Ecuador,,,,,,,,,,,,,,,,,,,,,,,,,,,,,,,,,,,,,,,,,,,,,,,,,,,,,,,,,,,,,,,,,
"Egypt, Arab Rep.",,,,,,,,,,,,,,,,,,,,,,,,,,,,,,,,,,,,,,,,,,,,,,,,,,,,,,,,,,,,,,,,,
Euro area,,,,,,,,,,,,,,,,,,,,,,,,,,,,,,,,,,,,,,,,,,,,,,,,,,,,,,,,,,,,,,,,,
Eritrea,,,,,,,,,,,,,,,,,,,,,,,,,,,,,,,,,,,,,,,,,,,,,,,,,,,,,,,,,,,,,,,,,
Spain,,,,,,,,,,,,,,,,,,,,,94.03068271,88.71255246,88.53825485,77.66813869,79.99987211,81.50624181,86.7162788,90.24945291,94.51397166,100.2667544,107.2903183,107.896,107.3365464,95.53957472,91.12849406,92.76993696,94.66303291,90.49214688,90.98259254,90.38054226,88.45799396,90.10963749,92.18226862,96.76495187,98.69839377,99.13094639,100.4639361,102.0202977,103.9154926,103.783708,100,100.3983787,97.97119536,99.75624571,99.24984549,93.87017744,94.66600874,95.96391162,97.85469597,95.93808055,96.36063405,97.27716714,96.23274898,96.65641386,
Estonia,,,,,,,,,,,,,,,,,,,,,,,,,,,,,,,,,,,,,,,,,,,,,,,,,,,,,,,,,,,,,,,,,
Ethiopia,,,,,,,,,,,,,,,,,,,,,,,,,,,,,,,,,,,,,,,,,,,,,,,,,,,,,,,,,,,,,,,,,
European Union,,,,,,,,,,,,,,,,,,,,,,,,,,,,,,,,,,,,,,,,,,,,,,,,,,,,,,,,,,,,,,,,,
Fragile and conflict affected situations,,,,,,,,,,,,,,,,,,,,,,,,,,,,,,,,,,,,,,,,,,,,,,,,,,,,,,,,,,,,,,,,,
Finland,,,,,,,,,,,,,,,,,,,,112.7391659,116.7542221,119.994211,123.4548374,119.7907276,123.7836292,124.6917255,123.8849723,126.9923022,131.4247274,138.5494243,142.3456517,135.4695397,117.5392084,100.0035548,106.4916201,115.9745379,110.6761082,105.7637406,106.3391323,105.3898213,100.004614,100.651077,102.1010962,107.0822746,107.0175847,103.8376559,102.4795893,103.9490522,105.6817917,106.7008357,100,99.81005983,96.99458934,99.02368291,100.5563283,96.10347388,97.37931978,96.77701533,98.62590423,96.9872988,98.25170908,97.81353976,94.53479906,99.08764354,
Fiji,,,,,,,,,,,,,,,,,,,,,169.8154869,174.6276205,175.3263148,174.4768553,176.8970787,179.3621918,161.3134727,137.0726605,116.9687179,117.11753,118.2755618,121.6374804,121.8953246,126.1501057,126.4840837,124.1554845,124.5730545,128.4633464,109.3843852,109.5223062,106.1197879,107.4814643,107.7108887,115.1790791,117.4092283,116.8807352,114.7057637,117.0488906,119.6928125,104.881764,100,103.8088116,105.8603112,105.6640105,103.8705989,105.6261207,110.1560545,112.2504644,113.3470151,114.068644,110.391331,108.3794874,108.2235508,106.3919493,
France,,,,,,,,,,,,,,,,,,,,,118.8891432,113.5992817,108.456231,104.4391298,102.7226144,105.2950222,109.0673263,110.3602943,108.3919878,106.237159,109.9574592,105.8375264,107.3250114,108.4097247,108.167745,111.1365803,110.6185112,105.2393506,105.6118361,102.527529,97.0895845,96.77900938,98.38401436,103.767733,105.5425796,104.0301749,103.3576385,103.8758588,104.4908021,104.5374874,100,99.21326131,96.01439749,97.33299168,97.34528005,92.04504216,93.01640066,93.49738973,95.57123927,93.89727683,94.94426934,94.42357129,90.10435017,92.01097545,
Faroe Islands,,,,,,,,,,,,,,,,,,,,,,,,,,,,,,,,,,,,,,,,,,,,,,,,,,,,,,,,,,,,,,,,,
"Micronesia, Fed. Sts.",,,,,,,,,,,,,,,,,,,,,,,,,,,,,,,,,,,,,,,,,,,,,,,,,,,,,,,,,,,,,,,,,
Gabon,,,,,,,,,,,,,,,,,,,,,223.1886577,198.7766241,200.5695791,197.4002988,189.451269,195.3961862,212.7705737,208.9839612,180.8455018,213.6907418,215.1543726,167.5611268,151.249102,146.6278777,98.96943412,109.4034618,108.0624868,106.2501512,107.0421409,102.0449914,96.22300954,96.34711241,96.25312868,100.9225264,100.8972941,101.761158,97.90796698,102.3174755,105.7618719,106.5495371,100,98.16121418,94.77823437,95.81577303,99.2804073,92.68003334,93.73562441,95.82751023,101.1560781,100.5840456,103.2311441,102.1308065,97.30206181,100.924072,
United Kingdom,,,,,,,,,,,,,,,,,,,,119.2570267,139.436173,143.8332563,138.6982888,127.3825907,121.81879,124.1278039,115.560263,115.3949032,118.9046375,117.1457814,119.5793779,123.6741344,120.2184118,108.6191779,108.7054298,104.0741693,106.4653032,123.3385294,129.2700736,129.1260918,130.4387691,127.2838371,128.1837389,122.9541496,127.772274,125.4335821,126.1820505,128.2721599,111.7690149,100.3079294,100,99.82954072,103.3988192,102.0769554,108.7331056,113.7638802,102.5113664,97.30266379,99.03767906,98.59817464,98.80000893,102.6186369,101.2020301,103.9146007,
Georgia,,,,,,,,,,,,,,,,,,,,,,,,,,,,,,,,,,,33.01151651,71.44856648,89.91726084,94.02553376,91.70427726,78.48321334,85.26070596,85.56498995,82.95983303,78.04626982,83.36612915,88.83322414,93.95715404,97.26505595,107.6914235,104.5820985,100,108.4357765,110.3404348,107.1508586,106.3371054,98.32092523,99.16517504,96.90474046,97.14343718,92.56585391,89.45354128,91.09928601,109.5533039,119.4891071,
Ghana,,,,,,,,,,,,,,,,,,,,,664.7765705,1482.2054,1851.106597,3053.597507,483.5960454,351.5718532,222.8069197,165.2731994,151.8210748,142.0287089,141.7457492,144.0813105,127.0452685,110.8402115,89.73975238,103.9785583,112.6672249,120.2527681,128.4445047,117.8567842,86.02533415,93.35474489,88.56907303,91.03825062,94.17551105,103.5718916,110.0513913,109.4107245,104.3455024,94.75514297,100,94.61930758,88.2298355,88.4925197,69.47153889,68.19328672,78.25832815,77.70531919,76.64869223,73.50167116,74.64638322,74.30293621,71.28670257,71.29791008,
Gibraltar,,,,,,,,,,,,,,,,,,,,,,,,,,,,,,,,,,,,,,,,,,,,,,,,,,,,,,,,,,,,,,,,,
Guinea,,,,,,,,,,,,,,,,,,,,,,,,,,,,,,,,,,,,,,,,,,,,,,,,,,,,,,,,,,,,,,,,,
"Gambia, The",,,,,,,,,,,,,,,,,,,,,269.9757747,258.6314652,259.8727895,261.9060796,248.8756004,266.9311055,191.8416557,202.2458955,222.325061,214.9341225,205.3181651,197.2411047,198.9257533,212.5316601,201.2754464,195.2000395,191.6370005,197.693377,196.6185565,192.0593044,183.5919456,158.5468032,131.5984031,95.25875307,93.81738699,99.67350215,99.20935947,107.5563551,113.7430256,102.7994296,100,92.48341582,88.9874505,81.46141238,73.5986089,72.73743274,88.1412949,89.63963879,88.87860554,93.43015261,95.50414478,96.91501434,102.8630356,105.0526229,
Guinea-Bissau,,,,,,,,,,,,,,,,,,,,,,,,,,,,,,,,,,,,,,,,,,,,,,,,,,,,,,,,,,,,,,,,,
Equatorial Guinea,,,,,,,,,,,,,,,,,,,,,,,,,,125.3572195,105.5142278,91.26866526,87.43343942,85.62366968,85.82137407,78.96065796,75.60757039,79.46144524,57.10851784,68.04297429,68.00156542,62.82710154,66.84132988,63.81136424,61.2073206,64.32039252,70.35450087,82.35737568,87.93751156,89.64483313,91.08093329,94.25629024,96.88448962,100.5308917,100,102.2958072,99.38991918,102.6541594,106.7384216,99.88305586,101.6807084,101.9350039,104.3394478,102.0523534,108.2242381,105.8524347,98.99088493,100.8852187,
Greece,,,,,,,,,,,,,,,,,,,,,83.97063023,87.15906485,90.43984602,83.60774687,81.06082164,78.42755996,73.48267486,75.18857614,77.33239024,78.23888842,82.66211261,83.55271777,85.98451995,86.54247283,87.61311836,90.46030567,94.42048538,94.11532378,91.44899063,91.42592755,85.15744138,86.21579902,88.85853841,94.70731205,96.29568488,96.09211984,96.64669715,97.89317069,99.46419853,100.7726138,100,100.7259136,97.49188434,96.49782886,94.85122091,89.30958477,89.51897683,89.93496973,90.48947562,88.7025459,88.31555635,87.66747417,87.57638297,87.47306567,
Grenada,,,,,,,,,,,,,,,,,,,,92.48532962,96.2113373,111.2541384,118.0931548,124.4878386,132.7921734,132.9209085,123.7900333,111.3060777,109.4966547,115.0210251,106.6828854,105.4544175,104.4378965,110.062621,110.0594649,106.4399104,106.8076792,107.8404627,108.4960177,109.3111472,111.8609974,112.4717474,110.5794017,106.1270268,102.2752601,101.1556679,101.3940323,98.69923688,98.97652939,100.6345695,100,97.06013572,97.71062901,96.48636236,93.61203398,96.41152845,98.67060527,97.78773317,95.60268559,96.49155578,95.95140486,93.14301052,92.02381217,90.28477976,
Greenland,,,,,,,,,,,,,,,,,,,,,,,,,,,,,,,,,,,,,,,,,,,,,,,,,,,,,,,,,,,,,,,,,
Guatemala,,,,,,,,,,,,,,,,,,,,,,,,,,,,,,,,,,,,,,,,,,,,,,,,,,,,,,,,,,,,,,,,,
Guam,,,,,,,,,,,,,,,,,,,,,,,,,,,,,,,,,,,,,,,,,,,,,,,,,,,,,,,,,,,,,,,,,
Guyana,,,,,,,,,,,,,,,,,,,,,826.8277367,896.6034799,1014.609911,1186.04354,1221.031216,1258.056279,1190.465904,614.6825148,270.9384635,218.2737529,154.2213088,130.7171357,143.3444018,155.8503364,88.12470302,89.74900552,96.20364793,98.77089565,99.87139078,89.92043793,94.22225492,94.46776485,95.5019084,92.28560742,88.14784942,89.94987381,92.31065279,94.87296173,94.43385539,100.1146532,100,97.75598136,99.26620007,99.18851607,98.48846442,103.7047988,106.2976439,106.7407907,104.9583992,106.8717625,107.3594817,108.399212,112.9413324,112.6159007,
High income,,,,,,,,,,,,,,,,,,,,,,,,,,,,,,,,,,,,,,,,,,,,,,,,,,,,,,,,,,,,,,,,,
"Hong Kong SAR, China",,,,,,,,,,,,,,,,,,,,,,,,,,,,,,,90.92662832,93.38708778,91.7774834,100.8345735,106.052569,108.6922327,121.3002505,135.6547821,153.3987541,147.962788,146.6891189,151.8981175,145.6446651,129.1495487,116.1026989,112.0293632,109.6218631,106.1257471,101.5689502,102.230376,100,97.9650511,104.3680029,109.4452524,112.4390483,121.1373027,122.3608026,122.9294853,121.4389496,127.2642571,132.6341824,125.8787808,,,
Honduras,,,,,,,,,,,,,,,,,,,,,,,,,,,,,,,,,,,,,,,,,,,,,,,,,,,,,,,,,,,,,,,,,
Heavily indebted poor countries (HIPC),,,,,,,,,,,,,,,,,,,,,,,,,,,,,,,,,,,,,,,,,,,,,,,,,,,,,,,,,,,,,,,,,
Croatia,,,,,,,,,,,,,,,,,,,,,,,,,,,,,,,,,,,,,,92.56079334,94.55638036,90.00607974,89.6274607,93.02286099,93.95410672,94.5493709,95.68870077,96.82650995,98.3066102,98.80133557,102.2957247,102.9400039,100,97.49372051,95.41137499,96.81360671,95.81621029,92.63422004,92.95251263,93.60214986,95.27482157,94.1035109,93.36545499,93.98703227,94.72673845,97.65538574,
Haiti,,,,,,,,,,,,,,,,,,,,,,,,,,,,,,,,,,,,,,,,,,,,,,,,,,,,,,,,,,,,,,,,,
Hungary,,,,,,,,,,,,,,,,,,,,,,,,,,,,,,,,58.77548539,64.02984893,69.2919819,69.11820546,66.34799221,67.97332489,71.40097124,70.95450235,72.50861161,73.00553407,78.73062553,86.8930762,89.15676527,94.88368211,96.22366443,91.6316643,101.9943549,104.8868437,98.98324592,100,99.75371731,97.02978288,96.00930984,92.1279059,88.31533378,88.98742654,90.76804781,90.28857246,89.08192449,85.67194494,86.10017227,82.22680305,95.14263253,
IBRD only,,,,,,,,,,,,,,,,,,,,,,,,,,,,,,,,,,,,,,,,,,,,,,,,,,,,,,,,,,,,,,,,,
IDA & IBRD total,,,,,,,,,,,,,,,,,,,,,,,,,,,,,,,,,,,,,,,,,,,,,,,,,,,,,,,,,,,,,,,,,
IDA total,,,,,,,,,,,,,,,,,,,,,,,,,,,,,,,,,,,,,,,,,,,,,,,,,,,,,,,,,,,,,,,,,
IDA blend,,,,,,,,,,,,,,,,,,,,,,,,,,,,,,,,,,,,,,,,,,,,,,,,,,,,,,,,,,,,,,,,,
Indonesia,,,,,,,,,,,,,,,,,,,,,,,,,,,,,,,,,,,,,,,,,,,,,,,,,,,,,,,,,,,,,,,,,
IDA only,,,,,,,,,,,,,,,,,,,,,,,,,,,,,,,,,,,,,,,,,,,,,,,,,,,,,,,,,,,,,,,,,
Isle of Man,,,,,,,,,,,,,,,,,,,,,,,,,,,,,,,,,,,,,,,,,,,,,,,,,,,,,,,,,,,,,,,,,
India,,,,,,,,,,,,,,,,,,,,,,,,,,,,,,,,,,,,,,,,,,,,,,,,,,,,,,,,,,,,,,,,,
Not classified,,,,,,,,,,,,,,,,,,,,,,,,,,,,,,,,,,,,,,,,,,,,,,,,,,,,,,,,,,,,,,,,,
Ireland,,,,,,,,,,,,,,,,,,,,82.65387009,88.0190276,87.41479141,94.33916627,95.67824019,95.73978865,97.11592844,104.6635238,102.9005254,101.1486298,99.60085998,104.561976,100.8224014,103.3189568,96.49569387,95.85641518,96.68016357,99.03893904,91.69021114,88.90623616,85.56709515,82.00199806,84.87063042,89.64977873,99.02311466,101.8510317,101.5338166,103.4601917,109.0467552,113.1608239,107.7332453,100,100.2248668,95.62982447,97.42691872,96.54213439,88.36251296,89.46301757,89.84618612,90.68896976,88.03502613,88.07758387,88.22172772,85.21293442,88.8557748,
"Iran, Islamic Rep.",,,,,,,,,,,,,,,,,,,,208.3460252,228.101754,271.803509,318.1436831,376.6590733,424.4253322,251.9864562,166.7376298,185.134208,217.5072406,217.8883074,146.8946847,131.6163933,72.40778894,54.60581471,67.35132357,90.63945135,117.350659,146.0777027,180.8486841,219.5255991,260.595965,296.5488589,112.4553068,70.55044765,70.30231445,72.15653818,73.84450416,77.51135483,87.47509127,99.01077765,100,114.1151416,126.7420819,123.4581968,91.78208807,97.79934254,100.2451885,101.2885773,116.4153748,128.7012816,167.3190813,230.0617068,334.6214796,476.8131365,
Iraq,,,,,,,,,,,,,,,,,,,,,,,,,,,,,,,,,,,,,,,,,,,,,,,,,,,,,,,,,,,,,,,,,
Iceland,,,,,,,,,,,,,,,,,,,,139.5842513,146.7521594,153.0376219,140.3508044,129.8440909,138.4790056,137.2286054,136.8882369,148.0144528,155.7100246,142.3809625,141.0419962,144.0086226,144.3713168,133.5208035,125.5157575,125.2117982,125.3982881,127.6205971,131.951594,133.4847349,137.2517938,120.2379731,127.7057365,135.9624589,140.0649401,156.9777426,145.7413141,153.6291731,120.2349407,96.67595777,100,100.9197395,99.82565816,104.0153738,111.1082436,113.7572776,128.5596456,144.1539554,140.4512221,130.6777092,120.8157182,126.722573,131.0727471,133.4673851,
Israel,,,,,,,,,,,,,,,,,,,,93.91601955,95.89934136,97.62681863,102.1772904,111.2762361,104.4825129,102.4184466,99.79600313,96.74316136,106.7170158,108.1003029,105.6802135,107.35333,104.6078979,103.2183087,104.2906921,105.0875962,110.2531319,115.3492589,112.2458395,106.7982922,112.5512498,111.5088381,100.8599047,95.73039828,89.88279204,87.57857321,87.16608814,88.20187824,98.34494127,95.82770219,100,101.165845,95.98140222,102.3398646,103.1727104,101.8382881,103.5219654,108.4436257,106.2821493,109.1541408,111.4868994,114.3382917,114.7493451,106.0168667,
Italy,,,,,,,,,,,,,,,,,,,,,97.36164023,93.81142894,94.92429804,100.1280299,100.9849646,100.5864149,107.6935951,110.8411045,109.9630754,112.6518757,118.3454157,118.3036954,116.4747316,98.09850149,95.68717308,89.26442721,99.27210021,98.77620185,99.24980221,97.98671055,93.18981378,94.5027445,96.8025362,102.8859984,104.6357954,102.8321039,102.4437798,103.0798602,103.9328191,105.0653698,100,99.86654522,97.75451745,99.50592996,99.34343585,93.8265719,94.65085124,95.42660478,96.91477345,94.57392665,95.09202219,94.91614954,93.11886521,96.03595322,
Jamaica,,,,,,,,,,,,,,,,,,,,,,,,,,,,,,,,,,,,,,,,,,,,,,,,,,,,,,,,,,,,,,,,,
Jordan,,,,,,,,,,,,,,,,,,,,,,,,,,,,,,,,,,,,,,,,,,,,,,,,,,,,,,,,,,,,,,,,,
Japan,,,,,,,,,,,,,,,,,,,,,73.84036046,78.92940515,71.57151889,77.50638087,80.90751024,82.92509934,106.3022914,111.9707874,118.709893,108.8065309,97.36185354,103.9490324,107.039363,125.2992757,133.2113669,135.3969384,113.7069274,106.9845014,107.0128341,118.9033821,125.5166081,111.7746761,104.150541,105.0468686,106.0764362,99.46186968,90.04777097,82.4769762,88.61852418,99.5421349,100,101.1292047,99.888065,79.64350503,74.58807072,69.42393977,78.92207575,75.15316059,74.48192293,76.62034991,77.30962309,70.69094432,61.01068063,58.11153279,
Kazakhstan,,,,,,,,,,,,,,,,,,,,,,,,,,,,,,,,,,,,,,,,,,,,,,,,,,,,,,,,,,,,,,,,,
Kenya,,,,,,,,,,,,,,,,,,,,,,,,,,,,,,,,,,,,,,,,,,,,,,,,,,,,,,,,,,,,,,,,,
Kyrgyz Republic,,,,,,,,,,,,,,,,,,,,,,,,,,,,,,,,,,,,,,,,,,,,,,,,,,,,,,,,,,,,,,,,,
Cambodia,,,,,,,,,,,,,,,,,,,,,,,,,,,,,,,,,,,,,,,,,,,,,,,,,,,,,,,,,,,,,,,,,
Kiribati,,,,,,,,,,,,,,,,,,,,,,,,,,,,,,,,,,,,,,,,,,,,,,,,,,,,,,,,,,,,,,,,,
St. Kitts and Nevis,,,,,,,,,,,,,,,,,,,,102.2458995,101.772917,105.141515,107.9964805,109.1659208,111.2456239,110.8440189,106.9657292,100.3995145,95.1541562,98.00949315,94.26254258,93.77429608,92.43014928,94.91225273,94.06345091,92.07287788,92.16406409,99.61803838,102.6970792,104.2187617,106.3355416,107.7421347,107.1858398,102.9725226,98.65745142,96.00460063,100.0448377,98.68583264,97.47521723,101.7124012,100,100.3835129,101.0440426,100.4101173,99.84208377,103.3776587,103.700366,102.2306277,98.46217942,98.29320983,97.27273993,94.27175946,92.94126111,92.26644229,
"Korea, Rep.",,,,,,,,,,,,,,,,,,,,,,,,,,,,,,,132.7683799,140.8266733,131.4871401,131.4084103,136.2948104,152.7581032,164.4346759,146.648591,97.8944541,99.28867345,104.7318741,98.46979611,104.4455458,103.1074379,107.2415961,127.0166083,136.1020005,137.1450836,108.1420139,91.61405519,100,97.49130219,105.1269795,119.0269394,134.5238039,142.0538734,139.0554482,143.0766679,152.9929916,147.6229196,136.984098,138.9746417,,,
Kuwait,,,,,,,,,,,,,,,,,,,,,,,,,,,,,,,,,,,,,,,,,,,,,,,,,,,,,,,,,,,,,,,,,
Latin America & Caribbean (excluding high income),,,,,,,,,,,,,,,,,,,,,,,,,,,,,,,,,,,,,,,,,,,,,,,,,,,,,,,,,,,,,,,,,
Lao PDR,,,,,,,,,,,,,,,,,,,,,,,,,,,,,,,,,,,,,,,,,,,,,,,,,,,,,,,,,,,,,,,,,
Lebanon,,,,,,,,,,,,,,,,,,,,,,,,,,,,,,,,,,,,,,,,,,,,,,,,,,,,,,,,,,,,,,,,,
Liberia,,,,,,,,,,,,,,,,,,,,,,,,,,,,,,,,,,,,,,,,,,,,,,,,,,,,,,,,,,,,,,,,,
Libya,,,,,,,,,,,,,,,,,,,,,,,,,,,,,,,,,,,,,,,,,,,,,,,,,,,,,,,,,,,,,,,,,
St. Lucia,,,,,,,,,,,,,,,,,,,,98.72569845,100.3678917,110.1584762,112.9983575,114.797916,119.4025087,116.380888,109.3925899,107.331958,101.7646381,104.1971663,99.31341923,100.6621586,101.2671368,105.0690407,104.7882166,103.7864323,103.0985419,102.3695769,104.9584839,105.9277752,111.5971183,116.7607735,113.4185336,108.1428977,102.9576793,101.6466735,101.3782689,97.92634622,97.36375077,99.90234298,100,97.38926314,100.186598,100.5636683,102.8476679,106.3198755,104.1491515,102.2018613,101.6484714,102.6581044,100.9488384,98.86567448,101.3274085,101.1999233,
Latin America & Caribbean,,,,,,,,,,,,,,,,,,,,,,,,,,,,,,,,,,,,,,,,,,,,,,,,,,,,,,,,,,,,,,,,,
Least developed countries: UN classification,,,,,,,,,,,,,,,,,,,,,,,,,,,,,,,,,,,,,,,,,,,,,,,,,,,,,,,,,,,,,,,,,
Low income,,,,,,,,,,,,,,,,,,,,,,,,,,,,,,,,,,,,,,,,,,,,,,,,,,,,,,,,,,,,,,,,,
Liechtenstein,,,,,,,,,,,,,,,,,,,,,,,,,,,,,,,,,,,,,,,,,,,,,,,,,,,,,,,,,,,,,,,,,
Sri Lanka,,,,,,,,,,,,,,,,,,,,,,,,,,,,,,,,,,,,,,,,,,,,,,,,,,,,,,,,,,,,,,,,,
Lower middle income,,,,,,,,,,,,,,,,,,,,,,,,,,,,,,,,,,,,,,,,,,,,,,,,,,,,,,,,,,,,,,,,,
Low & middle income,,,,,,,,,,,,,,,,,,,,,,,,,,,,,,,,,,,,,,,,,,,,,,,,,,,,,,,,,,,,,,,,,
Lesotho,,,,,,,,,,,,,,,,,,,,,204.1153398,199.6850739,195.2909425,205.5346079,203.2855449,195.5351734,193.9995299,187.325941,184.952133,185.4230825,180.9550086,193.1847703,207.2437711,206.8106753,197.2521635,197.6228835,178.8361316,179.1326532,164.5114785,150.7398951,142.9332235,123.3603973,77.4465679,111.2154266,128.7628171,130.3991781,128.3762197,126.6520598,117.4440044,95.49390793,100,99.68158759,95.40296121,86.34013164,81.53619753,78.33332833,73.90131897,80.18627919,81.68849712,79.9444489,75.1362225,81.70082984,80.19699561,74.75558758,
Late-demographic dividend,,,,,,,,,,,,,,,,,,,,,,,,,,,,,,,,,,,,,,,,,,,,,,,,,,,,,,,,,,,,,,,,,
Lithuania,,,,,,,,,,,,,,,,,,,,,,,,,,,,,,,,,,,,,,,,,,,,,,,,,,,,,,,,,,,,,,,,,
Luxembourg,,,,,,,,,,,,,,,,,,,,110.3940055,107.8046439,104.9452691,98.73154193,98.86654061,99.37080688,99.84777949,100.5563012,100.4033348,99.74759883,99.51967405,101.0605697,100.6678716,101.0126172,101.2296772,102.1519502,104.0566196,100.8752227,96.40011017,96.08602211,95.00322009,93.17131548,93.6921724,94.85693096,98.36731531,99.42311506,99.26062624,99.79981885,100.7149487,101.8066539,102.6309815,100,100.646744,98.79681883,100.5693216,100.789318,97.1198474,98.09477203,98.92268618,100.3187288,99.60184441,100.9930555,101.171084,98.26526727,98.6861041,
Latvia,,,,,,,,,,,,,,,,,,,,,,,,,,,,,,,,,,60.15889558,67.62964947,70.29151488,69.85697709,76.10046301,80.15211764,88.6085213,93.66236358,91.54612322,89.12862188,85.02606414,85.76561936,83.94820694,86.42137308,92.8008474,102.2170445,108.0118031,100,102.0684564,98.79866265,98.50598106,99.87877472,98.15257572,99.72509012,100.4192899,103.2898173,103.2495619,104.5197354,104.9840046,109.296525,116.5991486,
"Macao SAR, China",,,,,,,,,,,,,,,,,,,,,,,,,,,,,,,,,,,,,,,,,,,,,,,,,,,,,,,,,,,,,,,,,
St. Martin (French part),,,,,,,,,,,,,,,,,,,,,,,,,,,,,,,,,,,,,,,,,,,,,,,,,,,,,,,,,,,,,,,,,
Morocco,,,,,,,,,,,,,,,,,,,,,,,,,,,,,102.6952109,103.2766354,98.36961166,99.36642457,99.8702486,102.6625481,105.9335991,109.3747373,109.7167781,109.3442053,112.2578856,112.2552997,114.8519004,110.2071281,109.7096856,108.8851076,106.9860821,104.0461306,104.5332103,103.6101193,103.349423,104.8178138,100,97.5005746,95.38239967,97.01119545,97.07995421,96.83736397,98.97725963,98.64902606,99.42641748,100.2210789,101.5842832,103.1809825,99.87879647,100.7527733,
Monaco,,,,,,,,,,,,,,,,,,,,,,,,,,,,,,,,,,,,,,,,,,,,,,,,,,,,,,,,,,,,,,,,,
Moldova,,,,,,,,,,,,,,,,,,,,,,,,,,,,,,,,,,,76.26142987,72.22649367,73.50542395,84.79450664,82.36032093,62.83443008,73.1432477,75.83244021,71.70744538,67.86583653,77.68160165,79.27200669,81.41927011,87.73091507,104.0743708,106.6921204,100,104.9571929,110.0475574,106.7123445,102.6721797,99.12391422,101.8066803,112.9419096,122.9753225,125.587671,132.0272829,128.400693,154.607714,173.2730772,
Madagascar,,,,,,,,,,,,,,,,,,,,,,,,,,,,,,,,,,,,,,,,,,,,,,,,,,,,,,,,,,,,,,,,,
Maldives,,,,,,,,,,,,,,,,,,,,,,,,,,,,,,,,,,,,,,,,,,,,,,,,,,,,,,,,,,,,,,,,,
Middle East & North Africa,,,,,,,,,,,,,,,,,,,,,,,,,,,,,,,,,,,,,,,,,,,,,,,,,,,,,,,,,,,,,,,,,
Mexico,,,,,,,,,,,,,,,,,,,,,120.820592,137.4744948,98.70146929,86.97585878,101.8706856,104.7226253,73.1393835,67.37618531,83.60307451,89.73323611,91.90229216,100.7734311,108.9618889,117.1780122,112.3970251,75.52506399,84.7831752,97.61192408,98.38696841,106.789379,115.5572416,123.0378475,123.071795,110.2095517,105.9778708,109.8056805,109.9011039,108.3727431,106.0730073,92.78251632,100,99.7955487,96.62323298,102.2383016,101.1422153,90.62608255,79.00785722,80.96297541,80.91740208,83.5352598,77.09722987,81.64643727,85.96877717,100.0391721,
Marshall Islands,,,,,,,,,,,,,,,,,,,,,,,,,,,,,,,,,,,,,,,,,,,,,,,,,,,,,,,,,,,,,,,,,
Middle income,,,,,,,,,,,,,,,,,,,,,,,,,,,,,,,,,,,,,,,,,,,,,,,,,,,,,,,,,,,,,,,,,
North Macedonia,,,,,,,,,,,,,,,,,,,,,,,,,,,,,,,,,,119.1269859,124.0187044,136.4554746,126.0972623,109.8377131,102.0786374,102.8936066,105.4902589,103.1549771,102.6698701,104.5276326,103.0070315,100.124297,99.93271628,99.66252197,103.9007362,103.7099596,100,100.806921,99.99830669,102.2090885,101.702317,98.14291046,98.31704785,98.60383946,99.80261325,98.27409357,99.62166156,100.4258795,104.5734095,109.5794614,
Mali,,,,,,,,,,,,,,,,,,,,,,,,,,,,,,,,,,,,,,,,,,,,,,,,,,,,,,,,,,,,,,,,,
Malta,,,,,,,,,,,,,,,,,,,,102.8317399,108.3190742,117.5405583,121.4989706,118.3370847,116.7767032,113.245701,107.1799276,103.7818111,103.3800657,101.0858692,97.35871693,95.04687422,91.4523404,86.37848281,87.86134704,89.31674823,88.89061123,89.8993028,94.39073845,92.50683007,90.43644574,91.44264847,93.85747539,98.90884391,102.7959332,101.5956812,102.1748152,103.6894453,105.3285385,106.2980669,100,99.7320946,95.2423298,97.13124841,96.48757128,89.54820255,91.21920202,92.21972061,93.51965916,91.80716649,92.85373753,93.12878589,89.2340386,92.37346424,
Myanmar,,,,,,,,,,,,,,,,,,,,,,,,,,,,,,,,,,,,,,,,,,,,,,,,,,,,,,,,,,,,,,,,,
Middle East & North Africa (excluding high income),,,,,,,,,,,,,,,,,,,,,,,,,,,,,,,,,,,,,,,,,,,,,,,,,,,,,,,,,,,,,,,,,
Montenegro,,,,,,,,,,,,,,,,,,,,,,,,,,,,,,,,,,,,,,,,,,,,,,,,,,,,,,,,,,,,,,,,,
Mongolia,,,,,,,,,,,,,,,,,,,,,,,,,,,,,,,,,,,,,,,,,,,,,,,,,,,,,,,,,,,,,,,,,
Northern Mariana Islands,,,,,,,,,,,,,,,,,,,,,,,,,,,,,,,,,,,,,,,,,,,,,,,,,,,,,,,,,,,,,,,,,
Mozambique,,,,,,,,,,,,,,,,,,,,,,,,,,,,,,,,,,,,,,,,,,,,,,,,,,,,,,,,,,,,,,,,,
Mauritania,,,,,,,,,,,,,,,,,,,,,,,,,,,,,,,,,,,,,,,,,,,,,,,,,,,,,,,,,,,,,,,,,
Mauritius,,,,,,,,,,,,,,,,,,,,,,,,,,,,,,,,,,,,,,,,,,,,,,,,,,,,,,,,,,,,,,,,,
Malawi,,,,,,,,,,,,,,,,,,,,,200.3882739,205.1480135,198.0051719,202.2910464,214.6668035,204.0413631,182.6101321,164.8545518,180.2568178,187.7705393,186.9209896,198.0598098,181.6944934,185.3095052,131.4484822,115.303852,166.3604701,173.1847902,129.0968444,129.7474113,134.2809012,145.1449761,158.3283759,110.6681889,98.73423675,100.5470071,97.14403358,95.11945043,97.94288227,107.2126098,100,96.74496932,78.49854108,65.34784381,70.65201688,80.39995204,69.61776225,74.59442071,78.95996545,86.88776918,94.65599911,90.18686542,93.82397639,99.54957207,
Malaysia,,,,,,,,,,,,,,,,,,,,164.1974204,158.3063415,159.0891757,169.1577772,177.1340111,184.0363471,174.8837629,146.8309443,139.1850062,126.5324422,124.374984,119.1321099,115.7185675,123.4196822,124.1451476,120.225487,120.455522,124.8925514,120.68921,96.38587396,97.24980036,98.50475048,103.3409856,103.4728033,97.88440545,93.47803897,93.30200674,96.28901912,98.07874874,97.79252916,94.94043072,100,99.82638459,99.51712004,99.01485854,97.96394723,89.57156093,86.56078214,85.11586016,88.66002474,87.4847752,84.405457,83.28322149,82.09386533,80.05411365,
North America,,,,,,,,,,,,,,,,,,,,,,,,,,,,,,,,,,,,,,,,,,,,,,,,,,,,,,,,,,,,,,,,,
Namibia,,,,,,,,,,,,,,,,,,,,,,,,,,,,,,,,,,,,,,,,,,,,,,,,,,,,,,,,,,,,,,,,,
New Caledonia,,,,,,,,,,,,,,,,,,,,,,,,,,,,,,,,,,,,,,,,,,,,,,,,,,,,,,,,,,,,,,,,,
Niger,,,,,,,,,,,,,,,,,,,,,,,,,,,,,,,,,,,,,,,,,,,,,,,,,,,,,,,,,,,,,,,,,
Nigeria,,,,,,,,,,,,,,,,,,,,,288.383467,320.8356887,329.0325105,389.4270926,536.9217809,482.7675645,263.7912746,84.00135388,85.30852959,76.29907869,71.06029614,60.1019701,49.77716576,54.44072823,100.6324592,160.1805146,207.5140303,236.0359979,273.0146729,69.19855688,70.1625753,78.18372708,78.42111169,73.6735854,75.31765561,86.26748213,91.44073538,90.53007045,99.56162524,92.64212458,100,100.5038827,110.4983621,117.5464482,124.8403586,119.8621395,110.860315,101.4472827,109.9024822,124.1892439,119.5152798,117.0343469,133.1890281,115.6167053,
Nicaragua,,,,,,,,,,,,,,,,,,,,,,,,,,,311.1980006,2783.792271,39.6047686,20.32375615,60.02448705,110.9895052,130.6448703,130.4865828,120.9628131,110.3616005,107.6990465,105.1864953,107.1599838,111.4568944,109.9319908,110.2988277,107.6629313,100.7185565,96.93868555,95.83189419,96.14020724,94.2091461,97.81969461,106.9457012,100,95.88705202,97.42978183,97.24162403,97.34631527,102.0834658,102.2630532,98.53248493,95.93814968,96.01467348,95.96910817,93.03095259,97.07231556,98.72212613,
Netherlands,,,,,,,,,,,,,,,,,,,,111.4109898,107.597545,99.86643675,102.8932321,101.4663569,98.03646103,95.81800982,101.1996686,103.1391404,101.220226,97.41958098,99.52299404,97.11584362,98.75155414,100.2896709,101.0265624,105.3673624,102.8114734,97.08519143,98.59506114,97.41034718,92.60005703,95.1030719,98.38201572,104.3662296,105.3105976,103.8070671,102.4390916,103.1428392,103.6600764,105.1217445,100,99.40962444,96.6888628,99.81505368,100.3507729,95.96545354,97.32323576,97.93802636,99.82715053,99.80754067,101.8763872,102.0982074,102.237382,103.3429141,
Norway,,,,,,,,,,,,,,,,,,,,93.13982362,94.5637195,98.12869892,102.2895954,101.4599841,99.8725276,98.78591038,97.33619462,99.33215326,102.1388635,101.671255,100.9196338,97.22454305,97.3429476,93.57542364,91.39231659,94.10430342,93.56916559,94.2068556,91.91347828,91.48989394,89.45065381,92.58187996,100.4711806,99.96848283,95.81145512,99.02643526,98.73872307,98.90999019,99.05236936,96.54643795,100,100.3856994,99.59791672,98.11709667,93.19092374,84.25206117,84.74829211,85.54169085,85.97816831,83.61400393,78.1211611,83.08897163,80.89151204,74.08710319,
Nepal,,,,,,,,,,,,,,,,,,,,,,,,,,,,,,,,,,,,,,,,,,,,,,,,,,,,,,,,,,,,,,,,,
Nauru,,,,,,,,,,,,,,,,,,,,,,,,,,,,,,,,,,,,,,,,,,,,,,,,,,,,,,,,,,,,,,,,,
New Zealand,,,,,,,,,,,,,,,,,,,,85.26401674,84.51319064,85.8903689,88.41753627,85.28090078,79.14522404,80.66354829,81.56277408,94.23807464,101.1115179,96.18493139,93.58400874,89.00536949,79.78601602,82.58408854,87.97549121,93.17816233,99.25524944,101.3263682,88.6425696,84.80039484,77.01722375,75.59807711,82.55369328,93.80436492,100.2544504,105.7475468,98.0816388,104.9146317,97.48901293,91.34318968,100,104.1895653,107.7022524,110.0253454,112.9643947,105.1333587,106.204194,107.899952,103.3170551,101.6820884,100.8819483,107.6155757,105.4906627,105.666442,
OECD members,,,,,,,,,,,,,,,,,,,,,,,,,,,,,,,,,,,,,,,,,,,,,,,,,,,,,,,,,,,,,,,,,
Oman,,,,,,,,,,,,,,,,,,,,,,,,,,,,,,,,,,,,,,,,,,,,,,,,,,,,,,,,,,,,,,,,,
Other small states,,,,,,,,,,,,,,,,,,,,,,,,,,,,,,,,,,,,,,,,,,,,,,,,,,,,,,,,,,,,,,,,,
Pakistan,,,,,,,,,,,,,,,,,,,,,209.3245245,237.5312472,217.573659,210.1133061,214.5747192,200.4542691,165.4815353,146.3479836,142.5045672,133.7250945,126.6376096,123.9289017,121.6445785,120.0531422,119.2236794,118.5286597,115.3062079,116.9637912,118.746163,109.8199959,107.9072465,98.08062788,101.6268409,98.84531991,98.02254557,100.9768651,103.7856686,102.3279631,97.38539934,96.48685949,100,102.4229773,103.7974277,100.8821951,107.8170606,116.0086068,119.6683772,121.6339928,107.1173777,97.26647383,97.59492865,100.2803789,97.06170871,91.3945512,
Panama,,,,,,,,,,,,,,,,,,,,,,,,,,,,,,,,,,,,,,,,,,,,,,,,,,,,,,,,,,,,,,,,,
Peru,,,,,,,,,,,,,,,,,,,,,,,,,,,,,,,,,,,,,,,,,,,,,,,,,,,,,,,,,,,,,,,,,
Philippines,,,,,,,,,,,,,,,,,,,,117.1610968,123.3943719,127.6506613,132.4832736,111.37653,110.1344046,120.583648,94.46539501,87.17968718,88.93004343,95.50271224,90.68481217,90.81113293,100.3703963,98.8142841,107.1347854,108.8131226,116.0082595,114.4157261,95.47201062,100.3598035,91.59386787,86.43662932,86.74589821,79.40149115,76.01727509,80.03561637,88.21637425,95.32568406,97.76202671,96.01236923,100,100.2167848,104.7585822,107.5974208,106.3188949,111.4899871,108.3967012,103.448156,100.6104541,105.3905127,111.2775927,111.1248523,109.3228592,113.0644787,
Palau,,,,,,,,,,,,,,,,,,,,,,,,,,,,,,,,,,,,,,,,,,,,,,,,,,,,,,,,,,,,,,,,,
Papua New Guinea,,,,,,,,,,,,,,,,,,,,,134.0128457,137.3945512,135.0969962,130.8755241,131.8614811,126.7658488,119.8164081,118.3323311,117.2917265,120.5669127,108.2605054,111.7220503,111.5408535,116.3673515,110.6501103,93.94344258,100.5360865,101.055765,88.73724912,80.46891086,88.33381585,82.62781476,77.18948643,85.54034238,88.37340254,89.07442894,89.35835903,84.72651449,95.34884543,102.5959503,100,109.0504139,128.2409096,126.9831727,122.7832385,127.91528,121.3536819,122.5291499,120.8257471,124.6849575,127.4628738,122.5406279,130.9124251,130.2898102,
Poland,,,,,,,,,,,,,,,,,,,,,,,,,,,,,,,,58.10784413,61.68007718,65.75837579,67.10919438,72.5448544,78.58642483,80.92185644,86.09266293,83.34024557,91.68964715,103.1824493,98.86391023,88.45231331,87.48472547,97.21610832,99.12971977,102.514221,111.8266408,94.85405908,100,98.42758864,95.67754612,96.26748784,96.86360112,92.5658611,88.94936654,92.04972354,93.51506461,92.37174333,92.93242833,92.59672259,94.00970991,105.0904436,
Pre-demographic dividend,,,,,,,,,,,,,,,,,,,,,,,,,,,,,,,,,,,,,,,,,,,,,,,,,,,,,,,,,,,,,,,,,
Puerto Rico,,,,,,,,,,,,,,,,,,,,,,,,,,,,,,,,,,,,,,,,,,,,,,,,,,,,,,,,,,,,,,,,,
"Korea, Dem. People's Rep.",,,,,,,,,,,,,,,,,,,,,,,,,,,,,,,,,,,,,,,,,,,,,,,,,,,,,,,,,,,,,,,,,
Portugal,,,,,,,,,,,,,,,,,,,,75.77728211,76.48998145,80.26323584,79.06455815,72.77436869,73.66817637,74.43966379,74.10841967,73.28160662,74.49997882,78.08344982,83.28469014,89.20132038,97.15946377,94.56005623,93.54082393,96.41939888,97.20841665,95.55564632,95.94597216,95.43583182,93.14496699,95.39803753,97.80182623,102.214895,103.2264517,102.424349,102.998101,103.9386606,103.9590461,103.037813,100,100.8078325,99.27593447,99.32802402,98.47021224,95.15535414,96.67790238,96.87419323,98.00448498,96.44643432,97.71222432,96.65358257,94.35970682,95.60500199,
Paraguay,,,,,,,,,,,,,,,,,,,,,188.1792473,204.5359376,175.9642485,167.5993361,164.882827,142.5916834,142.5016072,112.9902412,120.7821793,90.09864144,89.15927443,100.0914831,97.13492659,97.9182451,103.2297198,104.3239878,108.5997723,111.6820401,101.8949652,105.0287528,101.7541654,98.02501034,85.16384802,79.59829045,82.05267,76.93139724,86.30636402,94.47455922,108.2280679,99.17047214,100,112.1913935,110.2686467,115.3400843,117.5734629,114.7816826,110.9746038,110.2807351,113.7223839,110.2855006,108.8610557,107.763017,109.8323189,106.5098066,
West Bank and Gaza,,,,,,,,,,,,,,,,,,,,,,,,,,,,,,,,,,,,,,,,,,,,,,,,,,,,,,,,,,,,,,,,,
Pacific island small states,,,,,,,,,,,,,,,,,,,,,,,,,,,,,,,,,,,,,,,,,,,,,,,,,,,,,,,,,,,,,,,,,
Post-demographic dividend,,,,,,,,,,,,,,,,,,,,,,,,,,,,,,,,,,,,,,,,,,,,,,,,,,,,,,,,,,,,,,,,,
French Polynesia,,,,,,,,,,,,,,,,,,,,,,,,,,,,,,,,,,,,,,,,,,,,,,,,,,,,,,,,,,,,,,,,,
Qatar,,,,,,,,,,,,,,,,,,,,,,,,,,,,,,,,,,,,,,,,,,,,,,,,,,,,,,,,,,,,,,,,,
Romania,,,,,,,,,,,,,,,,,,,,,,,,,,,,,,,,67.31616405,41.96581897,57.25741343,62.96724121,61.44369629,55.29337285,65.28514798,84.65945662,72.66094436,81.74278107,83.02465516,83.6218301,81.095348,82.86684302,97.48207388,104.3833951,112.6636445,106.4160453,98.65180443,100,102.5612143,96.58092796,101.136124,101.8220546,98.32774941,96.61020199,95.20023936,97.72943817,97.2504769,98.615693,99.56651683,103.2902113,108.8560481,
Russian Federation,,,,,,,,,,,,,,,,,,,,,,,,,,,,,,,,,,,48.85025886,60.25471151,74.38462605,79.48285723,70.16214695,47.9558391,54.06553869,63.5650286,66.49656312,68.80057482,74.31963335,81.14879002,88.94343837,93.51564291,99.08712946,92.17306203,100,104.3818538,105.5626378,107.0044746,97.73824605,79.57113864,79.3189177,91.77924904,85.0111313,87.22615847,80.81457917,79.44785822,102.2515645,81.84674685,
Rwanda,,,,,,,,,,,,,,,,,,,,,,,,,,,,,,,,,,,,,,,,,,,,,,,,,,,,,,,,,,,,,,,,,
South Asia,,,,,,,,,,,,,,,,,,,,,,,,,,,,,,,,,,,,,,,,,,,,,,,,,,,,,,,,,,,,,,,,,
Saudi Arabia,,,,,,,,,,,,,,,,,,,,,240.8882153,241.9448942,247.0059205,244.4812173,239.6244941,223.3964671,170.7344907,145.1840892,136.0008729,137.7835359,127.3020815,127.3958406,120.0063464,123.3135395,118.9596539,115.289203,117.4376347,122.7272039,128.6874028,123.2896446,124.7800284,126.8663708,123.1177282,112.7423435,104.8531174,101.5259158,99.68849773,96.59888169,94.29745471,100.7123157,100,96.52788646,99.28215278,101.5628916,103.8003706,113.5812615,117.2738101,114.9051477,113.9584397,112.9419647,115.795338,113.5646115,118.2167969,118.9606543,
Sudan,,,,,,,,,,,,,,,,,,,,,,,,,,,,,,,,,,,,,,,,,,,,,,,,,,,,,,,,,,,,,,,,,
Senegal,,,,,,,,,,,,,,,,,,,,,,,,,,,,,,,,,,,,,,,,,,,,,,,,,,,,,,,,,,,,,,,,,
Singapore,,,,,,,,,,,,,,,,,,,,96.25962987,95.9152256,101.422108,106.3618483,107.6837119,109.4392413,106.7382015,91.01493043,85.42274526,83.74009746,87.51293754,93.03924459,96.06268104,97.72810191,98.00445785,102.5303695,104.2720234,107.2246792,108.5592632,105.9057094,98.68748929,98.52331767,99.03946956,96.46603773,93.07706013,92.03478662,90.6067765,91.82732515,92.25299388,97.01505199,97.03326156,100,105.1691405,110.0351513,112.0566119,111.3352134,108.3180805,108.266135,107.0640007,106.3100487,106.5302706,103.5938287,103.3605792,109.6047855,117.5283427,
Solomon Islands,,,,,,,,,,,,,,,,,,,,130.6068733,138.337428,147.624878,151.9619387,137.7147371,139.077123,126.9230149,107.3025837,92.92516514,95.68495683,98.8055943,90.64929991,92.92857084,91.93496561,92.27810434,95.7775432,93.60165059,99.51797591,108.4660727,104.9886916,108.9077004,113.4340763,122.4007104,102.2816642,89.13854097,87.30437644,89.22330823,95.69774786,94.05950065,100.5401672,107.8664021,100,102.4726417,111.1326225,118.4625478,124.54762,127.6991477,128.6258647,127.4618264,126.9074101,127.4997693,129.8715248,124.7652255,132.2726624,135.942396,
Sierra Leone,,,,,,,,,,,,,,,,,,,,,266.4014697,304.8443306,373.5762248,444.6714229,561.1852498,491.6102612,329.99174,151.8635717,178.676558,156.5248015,116.0839187,117.2989862,106.2546328,117.6179381,135.8016049,122.6823659,123.2543347,141.0026141,120.2985082,142.580785,130.8935386,142.836607,123.479183,102.0998244,91.35183711,92.8061846,96.08205534,96.65378632,101.4268257,103.6657645,100,102.0012405,118.1074153,126.8436364,131.7878499,142.6255786,130.0489331,111.9177955,100.7014607,103.9870176,107.2511247,106.6930045,103.5116233,95.07021507,
El Salvador,,,,,,,,,,,,,,,,,,,,,,,,,,,,,,,,,,,,,,,,,,,,,,,,,,,,,,,,,,,,,,,,,
San Marino,,,,,,,,,,,,,,,,,,,,,,,,,,,,,,,,,,,,,,,,,,,,,,,,,,,,,,,,,,,,,,,,,
Somalia,,,,,,,,,,,,,,,,,,,,,,,,,,,,,,,,,,,,,,,,,,,,,,,,,,,,,,,,,,,,,,,,,
Serbia,,,,,,,,,,,,,,,,,,,,,,,,,,,,,,,,,,,,,,,,,,,,,,,,,,,,,,,,,,,,,,,,,
Sub-Saharan Africa (excluding high income),,,,,,,,,,,,,,,,,,,,,,,,,,,,,,,,,,,,,,,,,,,,,,,,,,,,,,,,,,,,,,,,,
South Sudan,,,,,,,,,,,,,,,,,,,,,,,,,,,,,,,,,,,,,,,,,,,,,,,,,,,,,,,,,,,,,,,,,
Sub-Saharan Africa,,,,,,,,,,,,,,,,,,,,,,,,,,,,,,,,,,,,,,,,,,,,,,,,,,,,,,,,,,,,,,,,,
Small states,,,,,,,,,,,,,,,,,,,,,,,,,,,,,,,,,,,,,,,,,,,,,,,,,,,,,,,,,,,,,,,,,
Sao Tome and Principe,,,,,,,,,,,,,,,,,,,,,,,,,,,,,,,,,,,,,,,,,,,,,,,,,,,,,,,,,,,,,,,,,
Suriname,,,,,,,,,,,,,,,,,,,,,,,,,,,,,,,,,,,,,,,,,,,,,,,,,,,,,,,,,,,,,,,,,
Slovak Republic,,,,,,,,,,,,,,,,,,,,,,,,,,,,,,,45.90922909,44.38747683,44.98160492,47.56594326,48.00270354,49.34115646,50.03854896,52.91136431,53.69465314,52.28045595,57.55326479,58.6478634,60.15271224,68.29690792,74.79329496,76.68166874,81.07306758,89.61258274,97.61833874,104.7773888,100,100.8861173,100.1084478,101.3997354,101.3662371,97.59640512,98.25011259,98.4250322,100.5928014,100.8193861,103.1434354,103.7233424,106.3152757,113.2865591,
Slovenia,,,,,,,,,,,,,,,,,,,,,,,,,,,,,,,,,,,,,,,,,,,,,,,,,,,,,,,,,,,,,,,,,
Sweden,,,,,,,,,,,,,,,,,,,,143.2238564,147.5810321,147.7292241,133.031909,120.500125,126.3227304,129.0448451,128.2287054,127.895016,131.7721813,135.4720856,140.8717348,146.7686605,146.709327,120.4082759,118.6387977,118.437273,127.8747963,120.9012333,117.0556966,113.8351802,111.2036235,101.930234,104.6623545,111.6244936,112.1851912,107.1853784,106.3890454,107.7712809,105.1977782,94.80120672,100,105.8385539,105.1222628,106.4415645,100.7838954,93.24314706,93.94018211,93.12307341,89.26427828,85.70514257,87.71369422,90.27417347,84.85094873,83.44043153,
Eswatini,,,,,,,,,,,,,,,,,,,,,,,,,,,,,,,,,,,,,,,,,,,,,,,,,,,,,,,,,,,,,,,,,
Sint Maarten (Dutch part),,,,,,,,,,,,,,,,,,,,,,,,,,,,,,,,,,,,,,,,,,,,,,,,,,,,,,,,,,,,,,,,,
Seychelles,,,,,,,,,,,,,,,,,,,,,,,,,,,,,,,,,,,,,,,,,,,,,,,,,,,,,,,,,,,,,,,,,
Syrian Arab Republic,,,,,,,,,,,,,,,,,,,,,,,,,,,,,,,,,,,,,,,,,,,,,,,,,,,,,,,,,,,,,,,,,
Turks and Caicos Islands,,,,,,,,,,,,,,,,,,,,,,,,,,,,,,,,,,,,,,,,,,,,,,,,,,,,,,,,,,,,,,,,,
Chad,,,,,,,,,,,,,,,,,,,,,,,,,,,,,,,,,,,,,,,,,,,,,,,,,,,,,,,,,,,,,,,,,
East Asia & Pacific (IDA & IBRD countries),,,,,,,,,,,,,,,,,,,,,,,,,,,,,,,,,,,,,,,,,,,,,,,,,,,,,,,,,,,,,,,,,
Europe & Central Asia (IDA & IBRD countries),,,,,,,,,,,,,,,,,,,,,,,,,,,,,,,,,,,,,,,,,,,,,,,,,,,,,,,,,,,,,,,,,
Togo,,,,,,,,,,,,,,,,,,,,,157.1647888,155.8396776,149.3857681,146.8175377,133.3180096,127.5153862,137.2486632,136.3453188,129.3945109,120.5103813,124.7766865,118.5010317,119.8994485,113.8156659,78.96599253,109.0067291,93.56082356,94.27564621,98.30419389,94.11102704,89.88025665,91.5434739,94.93254714,98.33158855,99.10215479,100.7593487,99.38643998,99.80856839,104.5143127,107.211033,100,100.6909238,96.35073896,98.20126647,99.46188455,94.47433626,95.90923286,95.38469469,96.86360287,94.41427178,96.30035741,97.82718307,95.8189783,103.8338434,
Thailand,,,,,,,,,,,,,,,,,,,,,,,,,,,,,,,,,,,,,,,,,,,,,,,,,,,,,,,,,,,,,,,,,
Tajikistan,,,,,,,,,,,,,,,,,,,,,,,,,,,,,,,,,,,,,,,,,,,,,,,,,,,,,,,,,,,,,,,,,
Turkmenistan,,,,,,,,,,,,,,,,,,,,,,,,,,,,,,,,,,,,,,,,,,,,,,,,,,,,,,,,,,,,,,,,,
Latin America & the Caribbean (IDA & IBRD countries),,,,,,,,,,,,,,,,,,,,,,,,,,,,,,,,,,,,,,,,,,,,,,,,,,,,,,,,,,,,,,,,,
Timor-Leste,,,,,,,,,,,,,,,,,,,,,,,,,,,,,,,,,,,,,,,,,,,,,,,,,,,,,,,,,,,,,,,,,
Middle East & North Africa (IDA & IBRD countries),,,,,,,,,,,,,,,,,,,,,,,,,,,,,,,,,,,,,,,,,,,,,,,,,,,,,,,,,,,,,,,,,
Tonga,,,,,,,,,,,,,,,,,,,,,,,,,,,,,,,,,,,,,,,,,,,,,,,,,,,,,,,,,,,,,,,,,
South Asia (IDA & IBRD),,,,,,,,,,,,,,,,,,,,,,,,,,,,,,,,,,,,,,,,,,,,,,,,,,,,,,,,,,,,,,,,,
Sub-Saharan Africa (IDA & IBRD countries),,,,,,,,,,,,,,,,,,,,,,,,,,,,,,,,,,,,,,,,,,,,,,,,,,,,,,,,,,,,,,,,,
Trinidad and Tobago,,,,,,,,,,,,,,,,,,,,76.65610006,78.63591721,86.54830356,95.92520668,109.8779858,126.1513144,131.9093686,91.25605956,84.56831143,79.93689845,79.11771531,81.07320143,81.11238763,82.82171137,74.75239009,69.65149395,68.0660547,68.74660425,67.26907801,69.90112581,71.05207489,72.65047517,76.76936957,78.71621409,77.38287105,76.0010063,77.30022245,80.44309156,81.88978591,86.77946113,94.83024668,100,98.70497942,107.3168668,111.2100066,117.2343852,131.079035,129.3693158,126.5194783,124.6918157,126.7784949,127.9793794,123.9422081,128.5586385,129.7218023,
Tunisia,,,,,,,,,,,,,,,,,,,,226.779854,221.0417333,221.0776129,220.0099737,217.4871313,217.451925,214.9855127,184.5515925,147.8186539,132.8652239,131.1717254,127.861927,130.4472558,133.1151754,128.0880075,129.1304829,131.7988729,131.9904895,131.3760477,131.7223295,132.7025301,131.0184037,128.9723706,127.5332735,121.30959,116.7484121,111.0606144,108.2900019,104.623149,103.3307446,102.5201305,100,97.79942016,96.38123552,93.5452709,93.47985915,97.49279154,92.49892084,84.40248453,79.22453452,78.38919491,85.20497052,85.84684597,86.42656075,88.56989906,
Turkiye,,,,,,,,,,,,,,,,,,,,,,,,,,,,,,,,,,,,,,,,,,,,,,,,,,,,,,,,,,,,,,,,,
Tuvalu,,,,,,,,,,,,,,,,,,,,,,,,,,,,,,,,,,,,,,,,,,,,,,,,,,,,,,,,,,,,,,,,,
Tanzania,,,,,,,,,,,,,,,,,,,,,,,,,,,,,,,,,,,,,,,,,,,,,,,,,,,,,,,,,,,,,,,,,
Uganda,,,,,,,,,,,,,,,,,,,,,2202.656581,1564.395379,542.8869424,429.5221587,293.4518404,384.3540529,401.1137001,511.804825,470.4084806,384.8583111,245.071496,179.9531915,120.1726771,118.6888271,148.5854946,145.2794224,145.5142731,152.4954434,135.5983219,123.4146653,116.9856273,114.1118504,109.1962548,95.83192292,99.42838589,104.1415111,104.3578129,107.9409292,111.2867731,108.3544358,100,94.10365792,104.9577195,106.0154655,107.7178176,101.2130942,98.00538542,95.53363824,92.12785743,95.48292331,97.21974374,98.71712268,102.8326109,107.691983,
Ukraine,,,,,,,,,,,,,,,,,,,,,,,,,,,,,,,,,,97.91867713,167.5025197,96.22605808,115.7590944,136.527265,124.7263008,98.4083179,97.75557946,108.1544367,103.9655732,95.50882303,93.53485564,103.2523543,107.5535787,108.3586936,117.501934,97.92490925,100,99.38901306,101.4620672,97.99045763,76.80767956,71.55881831,71.92790609,76.22841508,80.47351356,93.06965408,91.80858801,93.93476721,94.78072683,91.64544731,
Upper middle income,,,,,,,,,,,,,,,,,,,,,,,,,,,,,,,,,,,,,,,,,,,,,,,,,,,,,,,,,,,,,,,,,
Uruguay,,,,,,,,,,,,,,,,,,,,,106.3784409,120.517181,125.5430607,78.14437713,76.26959484,73.55419527,72.30156583,70.15936566,67.17150079,68.30264688,62.92463719,71.61441913,76.84443907,90.71090921,98.99816202,102.4655277,103.5410137,107.137432,109.0180504,114.435502,113.3493622,110.5899877,94.00526972,73.59432243,72.46197111,81.10005191,81.74008309,81.40716217,88.24013771,90.09182233,100,102.0719351,104.8081343,111.0869766,106.8233336,107.3796203,108.8013465,115.7179774,117.5019357,113.7961807,108.5413166,106.2042118,118.0336713,127.5609605,
United States,,,,,,,,,,,,,,,,,,,,,105.8474281,116.6925481,130.5275377,136.6421375,145.062453,150.193026,126.1136327,113.5263405,107.3378148,110.9964778,105.8373529,104.3750193,101.7895595,104.7544039,104.1961029,100.7434173,103.7466196,108.8670929,116.7190574,115.5670395,119.4663372,126.2296519,125.9219808,117.9983524,112.4018378,110.8406664,109.9262798,104.8923906,100.4414054,104.6963286,100,95.00853352,97.36996438,97.55648339,99.19606981,109.9058598,114.5684021,114.3386779,113.2078495,116.4514798,118.0081327,115.6279301,126.6268092,127.5373504,
Uzbekistan,,,,,,,,,,,,,,,,,,,,,,,,,,,,,,,,,,,,,,,,,,,,,,,,,,,,,,,,,,,,,,,,,
St. Vincent and the Grenadines,,,,,,,,,,,,,,,,,,,,112.1888908,111.2790061,117.6547129,121.8771963,126.3001682,128.3417062,127.1147702,125.014146,119.2742724,115.102273,125.3623934,122.5729569,117.3954454,111.9258671,119.577024,116.2192213,110.001487,113.5603138,114.6708729,116.7445719,116.5272448,117.6655472,119.0669014,116.5944434,108.1229315,103.4655333,101.3447335,100.0854402,98.1826304,99.14268625,102.5230346,100,96.77738819,99.75762188,98.55872142,97.95639132,103.7008454,104.4364779,104.1020834,102.9521032,105.6866093,104.2951493,101.3111737,106.1905267,105.8756813,
"Venezuela, RB",,,,,,,,,,,,,,,,,,,,,80.54853918,90.32616554,97.66235305,103.4386609,72.86334999,72.72676376,68.13902481,42.68252798,52.08716631,41.70988979,36.80868401,39.41887316,40.9648231,43.085084,41.72239449,51.70714837,42.90118234,54.7905734,67.49162441,76.989294,79.97580951,85.06193778,66.51301619,57.7522583,55.76298511,54.59116559,57.80778258,63.34825731,75.95472926,99.06259139,100,70.79993026,84.98644584,83.23650221,128.958978,309.7518464,741.7012731,,,,,,,,
British Virgin Islands,,,,,,,,,,,,,,,,,,,,,,,,,,,,,,,,,,,,,,,,,,,,,,,,,,,,,,,,,,,,,,,,,
Virgin Islands (U.S.),,,,,,,,,,,,,,,,,,,,,,,,,,,,,,,,,,,,,,,,,,,,,,,,,,,,,,,,,,,,,,,,,
Viet Nam,,,,,,,,,,,,,,,,,,,,,,,,,,,,,,,,,,,,,,,,,,,,,,,,,,,,,,,,,,,,,,,,,
Vanuatu,,,,,,,,,,,,,,,,,,,,,,,,,,,,,,,,,,,,,,,,,,,,,,,,,,,,,,,,,,,,,,,,,
World,,,,,,,,,,,,,,,,,,,,,,,,,,,,,,,,,,,,,,,,,,,,,,,,,,,,,,,,,,,,,,,,,
Samoa,,,,,,,,,,,,,,,,,,,,104.2009098,110.4368043,114.8075961,117.0034068,107.3321854,102.7983047,93.45671204,86.87225688,83.17147194,83.31053455,80.61983559,84.6111921,77.45770707,79.9683274,78.11512933,83.73265768,76.24358452,78.60395963,83.68209752,83.23235241,78.13300865,74.68010807,76.92873054,81.31368238,80.47004198,89.81417092,88.92269213,88.97128528,90.03926634,92.75182669,100.0111764,100,102.4385978,103.2696488,102.7819909,101.4677871,103.4859868,104.6607445,103.7791552,104.8480516,105.6649897,103.5934878,104.0733284,111.9872277,116.8279232,
Kosovo,,,,,,,,,,,,,,,,,,,,,,,,,,,,,,,,,,,,,,,,,,,,,,,,,,,,,,,,,,,,,,,,,
"Yemen, Rep.",,,,,,,,,,,,,,,,,,,,,,,,,,,,,,,,,,,,,,,,,,,,,,,,,,,,,,,,,,,,,,,,,
South Africa,,,,,,,,,,,,,,,,,,,,151.21127,165.3363637,174.121071,164.994002,181.5183488,160.1929926,121.571977,112.2160696,126.7305688,120.6020357,121.4771548,125.0392581,129.9519073,134.1087119,131.4396294,125.84663,122.4326979,112.6328349,119.0674563,109.4928967,103.5618789,100.4126386,88.66246709,75.99566462,98.68383089,104.6041019,104.4846669,98.52563543,92.01433173,80.37581197,87.47114681,100,98.26327609,92.42159342,82.10444491,77.09572854,75.24329247,70.67391733,79.64623452,80.82614891,78.27280129,71.05426223,77.65854932,75.99508554,69.83210846,
Zambia,,,,,,,,,,,,,,,,,,,,,,,,,,,,,50.24544908,64.99901119,53.32124214,49.23471686,47.00491833,53.38121022,51.2561416,49.20358573,53.71310091,62.20290322,58.14037486,58.2268129,59.77358894,68.36222064,69.98711815,61.94755461,65.13832028,80.42118761,105.6310786,97.62709428,112.5977569,95.62433678,100,97.15538161,99.71193917,103.0291098,98.43263792,86.74141006,85.66393997,94.20367456,88.52482113,79.8100494,66.4553733,69.78061081,90.9506212,84.52368831,
Zimbabwe,,,,,,,,,,,,,,,,,,,,,,,,,,,,,,,,,,,,,,,,,,,,,,,,,,,,,,,,,,,,,,,,,
